Transaction ID,Sender Name,Sender UPI ID,Receiver Name,Receiver UPI ID,Amount (INR),Status,Year,Month,Day,Hour,Minute,Second,DayOfWeek,Sender Transaction Count,Receiver Transaction Count
4d3db980-46cd-4158-a812-dcb77055d0d2,891,445,552,787,-0.3801061632156492,0,2024,6,22,4,6,38,5,1,1
099ee548-2fc1-4811-bf92-559c467ca792,529,899,535,769,1.1857488953360582,1,2024,6,19,6,4,49,2,1,1
d4c05732-6b1b-4bab-90b9-efe09d252b99,448,490,239,252,-1.412630893422321,1,2024,6,4,4,56,9,1,1,1
e8df92ee-8b04-4133-af5a-5f412180c8ab,131,709,711,208,1.3673092672737237,1,2024,6,9,9,56,7,6,1,1
e7d675d3-04f1-419c-a841-7a04662560b7,389,221,155,527,-0.7654723614261941,1,2024,6,25,8,38,19,1,1,1
865cfff6-e345-4bae-a4ed-2c35c3a67fc7,452,578,638,755,-1.0911633613504288,1,2024,6,17,11,24,2,0,1,1
10b78cb6-0a05-429a-8cf5-7ac40b97cd37,367,50,245,265,-0.05915394296745563,1,2024,6,24,20,15,13,0,1,1
2582bdc0-4ea3-4a92-8329-72cd84b429f6,785,830,885,950,-0.11104027267529142,0,2024,6,23,13,1,51,6,1,1
9a981fdf-f953-4fc6-8a7d-bfc26f1ea4dc,98,896,625,61,-1.1962626005284598,0,2024,6,30,8,43,40,6,1,1
718cebcd-cec3-49d5-a24b-d4f6df6ca25f,674,371,45,284,0.4350649143261698,1,2024,6,24,9,15,27,0,1,1
f7392e11-52b1-49b0-8da8-e71128d99808,850,314,77,337,-1.2974970010287497,0,2024,6,5,18,39,4,2,1,1
35f5cee7-d7a2-42a7-b94f-1d3e54b0bd2e,663,549,815,77,0.1623883591832734,0,2024,6,17,17,16,50,0,1,1
71ef7fd4-ea73-432e-9f9d-23ce85d33048,576,150,678,695,0.29930810347470593,1,2024,6,28,18,8,24,4,1,1
24159fef-1532-4cef-baf2-a5270e6e61e0,728,278,302,39,-0.26200574599916315,1,2024,6,28,21,6,52,4,1,1
00dd618c-2382-462d-88c5-869eb096094f,260,590,426,721,0.4549984291280325,1,2024,6,6,16,30,12,3,1,1
9a986a12-b24f-4269-9ec8-5b4c73212d05,646,684,483,173,0.19691773320774036,0,2024,6,25,0,44,58,1,1,1
ea5862f0-0edf-4490-976a-958e9799a21c,262,376,209,254,-1.6491033111137292,1,2024,6,24,4,52,50,0,1,1
299a7bf0-12e0-4f32-85bd-ae7f4ac7af90,588,655,606,891,-1.6878561529905385,0,2024,6,7,22,14,24,4,1,1
c03ec1e5-e536-43b4-bf71-71fa84fc4b91,685,442,589,187,-0.42175241134579433,0,2024,6,20,14,7,14,3,1,1
7eddc148-8755-4901-b31d-8ba5ee895860,681,60,240,836,-0.8089605011423978,1,2024,7,1,3,57,18,0,1,1
46982aee-d402-46bd-96f1-2a181bdd9e78,764,504,278,630,0.2685042946621158,1,2024,6,24,0,37,36,0,1,1
6f4d28fd-cb6e-465e-8b18-225b2e743da9,86,555,119,664,-1.2641827879939511,0,2024,6,25,0,18,4,1,1,1
94aa141e-9f72-44e6-a89c-b18cac10ad48,88,832,770,235,1.6560022709910422,0,2024,6,17,13,34,42,0,1,1
96a6ad56-a9ed-4846-aca4-8ec1b347e36c,387,360,438,479,1.6694177875904448,1,2024,6,25,21,25,26,1,1,1
f71fe071-6e1b-451a-b920-01bd3269e671,280,738,834,253,1.292547270797637,1,2024,6,8,2,56,39,5,1,1
9c2b53dc-67ad-42e7-8e9a-c820ebbff436,393,11,108,529,-0.4053773335967706,0,2024,6,15,16,52,14,5,1,1
8e0d1d4b-19cb-4cc2-9e31-add15e2cb1c3,828,542,907,211,0.5656128975542993,0,2024,6,13,20,10,23,3,1,1
b637de05-3938-4237-aecf-aa84b48d7241,409,430,11,546,-0.5178824393221488,0,2024,6,25,17,19,17,1,1,1
edfe1019-862d-449e-b182-67b5456859f2,93,70,620,347,0.4610080791800877,0,2024,6,20,21,10,26,3,1,1
507094df-3626-4c20-8de8-a301d7ce4d3d,77,710,632,165,1.2600303983549124,1,2024,6,9,17,54,22,6,1,1
020c2eb7-8f47-454a-9b02-14ba21afeb3c,766,954,778,694,-1.4823477085974652,0,2024,7,2,13,7,5,1,1,1
fbc3e382-39c5-4e65-bf1d-9ab5a5e2a22e,571,829,340,915,0.9535974369230978,1,2024,6,10,20,3,14,0,1,1
351140eb-618d-4c98-8e30-a04080ff5feb,543,29,489,732,0.6378157440951252,1,2024,6,25,15,45,9,1,1,1
c4511220-49c6-4e80-8cd5-5b8d722f03f4,467,685,427,502,-1.0752687770586378,0,2024,6,7,14,20,4,4,1,1
b0cf870b-a20c-461a-9d2a-455359322843,630,530,320,829,0.2917072540751485,0,2024,6,27,7,27,2,3,1,1
4bdc26b9-eca0-440e-b07a-7e81347708a7,253,198,631,887,0.4171543466159893,1,2024,6,18,14,0,34,1,1,1
bc2a5de0-7d21-4e1e-89b1-5d94d8e4b62c,199,226,586,290,-1.3664512939782851,0,2024,6,13,15,6,24,3,1,1
90b95e21-1dae-49f4-8405-06c5240dcc6c,227,40,422,892,1.0625510692689302,1,2024,6,13,10,7,23,3,1,1
3a4d633d-cd06-492f-b37e-963586066bec,332,826,414,902,-1.6632883136120333,0,2024,6,7,13,21,40,4,1,1
ca065f7d-ae2c-4204-a32c-249c41e1aa69,740,313,894,799,0.008038540638893164,0,2024,6,16,3,2,0,6,1,1
4a2e05a1-c027-4702-92a2-27e6a3e90f55,514,188,281,339,0.6466073816278245,1,2024,6,13,20,41,11,3,1,1
25eaa6a5-0912-4020-9035-cd7d5e219ab2,649,934,564,514,-0.006355372058207127,1,2024,6,24,14,32,54,0,1,1
8d02f5f4-6e44-46cc-8584-a488ec7cd107,947,991,107,590,0.8583204589251636,0,2024,6,27,18,1,12,3,1,1
0649b38d-ca15-42e1-8aea-8eeb9f756add,734,349,412,395,1.0499642297914218,0,2024,6,16,22,32,59,6,1,1
7008ac2a-1431-44c4-b74d-33170bc1ef33,540,92,37,278,-1.2728455975707256,0,2024,6,15,2,46,35,5,1,1
a8770c63-849d-46e4-8bf6-8eadd45443bd,572,337,333,300,0.7394853741762418,1,2024,6,17,19,29,29,0,1,1
0300f013-05e6-4dee-8db5-c7f6a2283dec,217,428,828,617,-1.5843968588730624,1,2024,6,29,6,5,39,5,1,1
c632fbd3-a704-4c17-83c3-286b9f2b654f,613,276,19,375,-0.7069009053568605,0,2024,6,20,23,57,17,3,1,1
8ca79409-a93b-48be-8e66-e5baf2308530,242,444,311,180,-1.181952251910878,1,2024,6,30,5,0,44,6,1,1
504019fd-d27f-4f15-881a-cd26e43b7df0,779,741,553,428,0.9164357943937909,1,2024,6,25,7,14,16,1,1,1
d9c5a2b5-19da-4814-b9ad-923d9d6455e4,167,499,824,513,1.2062917315510784,0,2024,6,6,12,20,51,3,1,1
13cb6a98-36ed-4899-8c83-d45c1d7e9bd4,610,850,454,255,-1.5140219765717087,0,2024,6,8,17,32,6,5,1,1
8fa59587-712d-41d8-b359-cd7e2efc5d29,566,106,708,567,0.7633742554086579,1,2024,6,6,9,24,58,3,1,1
207db252-0d2f-441a-b8f0-df2e87dc19db,348,471,342,201,0.727699357127455,1,2024,7,2,15,35,7,1,1,1
06b1f88e-c7a2-4031-8ebd-d1439726d458,276,791,265,325,-0.41799550960409826,1,2024,7,3,10,22,44,2,1,1
0d6cd39b-1d52-4cc9-9b2c-180e5b34ca1c,197,389,325,671,1.306485062894031,0,2024,6,18,19,12,5,1,1,1
3954bf61-e16e-4735-a15b-426b0f4c88ce,884,200,72,593,-1.1323012613301684,1,2024,6,19,6,20,10,2,1,1
ab1cae2c-504f-4282-ba1d-7952c40e54ae,845,98,308,346,0.8948449253481403,0,2024,6,17,4,19,37,0,1,1
8b332692-e042-45ac-89c6-222a3e0e2bd3,339,963,566,136,0.719624977943958,1,2024,6,25,18,4,10,1,1,1
81bdc504-a929-403c-9ebc-bf9c71418535,0,977,371,429,-0.6711842250358984,1,2024,7,3,14,42,43,2,1,1
2795845f-4c8a-4eda-b751-1b1390b1a5d9,535,638,221,197,-1.4661049406410125,0,2024,7,2,2,54,3,1,1,1
3a5ac2ac-d21c-40ce-b58a-da455d0a9c1e,111,513,344,397,-0.895640824459843,0,2024,7,1,21,21,32,0,1,1
b2f5bef5-9240-48fb-93a7-30d4fb88c416,964,20,692,286,-0.9495396557494212,1,2024,6,21,7,11,52,4,1,1
ac374b95-11f3-43b9-b5b6-ee5b27978698,510,115,356,504,0.30666522430900045,0,2024,6,10,5,40,19,0,1,1
85e0f446-4b1d-4fc4-bf42-10f57181d708,939,838,309,848,-1.023448602247088,0,2024,6,23,11,43,55,6,1,1
d89bd33a-b4da-4e62-80a8-0b543d222fd1,830,960,348,647,-0.017364939534799558,0,2024,6,10,11,48,18,0,1,1
21097a39-ae4c-4a6d-8ccd-7a173adb87a8,153,557,401,698,0.45961186268479554,1,2024,6,22,22,27,0,5,1,1
f169fc71-37f6-43f8-9c53-92f070bc7779,56,875,409,312,-1.3160934905583128,0,2024,6,22,16,35,1,5,1,1
4a4da92f-486e-48d1-ab67-5254b50b505f,312,667,248,393,0.36678609768607723,0,2024,6,14,20,50,57,4,1,1
3f9dae6e-48b2-435e-bcdb-6221eab19e65,235,453,767,149,1.2031128146927204,1,2024,6,20,14,12,50,3,1,1
406fb492-466e-4cac-8d67-d4eaf7b3d915,819,704,946,354,1.3222368918833107,0,2024,6,4,4,58,56,1,1,1
9d2b9c6d-25f8-442b-8981-0e732cfb1915,342,772,410,355,-0.6962012213418168,1,2024,6,24,23,12,20,0,1,1
133cef16-1642-4ed7-924a-c41c074d5419,423,438,143,690,0.19820949460363402,1,2024,6,11,9,58,9,1,1,1
99a4394e-db60-491c-a56b-2efb3106ece8,829,501,128,484,-0.9393274288649036,1,2024,6,24,17,1,54,0,1,1
6cb4a0b3-6af4-43a7-b836-9b8c00dd494a,465,809,88,438,-1.508893231191247,0,2024,6,23,13,22,54,6,1,1
6f5d1428-4ca9-42a1-9017-f241f403e465,178,950,562,226,1.4804411035954925,0,2024,6,17,9,54,57,0,1,1
6dd53d45-55e2-4cb8-b2e6-3a46c9faee0b,629,464,627,718,-1.6464536334256565,0,2024,6,5,18,5,47,2,1,1
02ac8a64-0f67-4b56-94d7-9e58bdcb83d9,518,705,633,810,-0.8582667898950928,0,2024,6,29,18,9,57,5,1,1
9d214c29-e395-4183-8052-f54b1e252cc6,256,413,18,380,0.30416178376008546,1,2024,6,10,0,35,29,0,1,1
d8e85dc4-2f2d-4453-991c-dc0ef8191c1d,374,134,13,506,-0.7844762258434111,0,2024,6,22,5,55,5,5,1,1
5c74bcc3-f6b4-4061-9696-fde048d941ba,996,851,917,432,0.10750068628605708,1,2024,6,8,6,38,37,5,1,1
68fb37fb-289e-4339-986c-3ab0a8b57f2e,283,377,754,819,1.6251949803418055,1,2024,6,25,17,30,5,1,1,1
84570911-ef8f-4461-a11e-d6343f444b7e,846,171,129,116,-1.3521722818905229,1,2024,6,30,12,21,35,6,1,1
b4372c4b-ec51-4d85-b46a-7793f6fbd6ec,445,981,163,905,-0.5005463746586598,0,2024,6,7,5,24,37,4,1,1
d52eb3f2-98ec-4f15-a198-b71237f32969,738,419,963,971,-1.615298159111758,1,2024,6,10,8,57,44,0,1,1
1d69131f-bb5e-4ae6-8677-a8794b4e8cf8,712,482,739,959,-0.2780500492667585,1,2024,6,16,4,48,28,6,1,1
dbc9303f-ade0-4881-aa81-d41439febb86,812,888,84,934,0.7933250142428278,0,2024,6,19,3,47,30,2,1,1
507121d6-d581-49cc-afd7-149a86d29716,102,290,54,105,0.5803898122825276,1,2024,6,15,11,43,46,5,1,1
88225b41-971b-4f64-b536-80a805a4c9e3,752,305,283,15,1.0705035841697956,0,2024,6,10,17,9,7,0,1,1
f4c78e82-66c1-487a-8b4c-c50a764ddab0,675,503,482,603,-0.7764157740065006,0,2024,6,29,2,51,45,5,1,1
fa8da4d7-2fd6-4ac8-bbda-37864dbef080,358,625,857,505,1.523810860865711,1,2024,6,21,9,13,18,4,1,1
5396964d-8ed8-47a0-9b63-b25f4e49c95d,485,72,46,166,-1.046063131266843,0,2024,6,17,4,41,0,0,1,1
0dee90fa-11e1-4a76-807e-4b7b84c2b595,460,263,190,528,-0.2649339706189652,0,2024,6,30,14,21,16,6,1,1
d6925c0f-d326-44c5-a14b-83e320d907fb,456,81,652,786,-0.3835427359858569,1,2024,6,4,11,2,24,1,1,1
9cc100a3-1bfe-447c-8841-8a21ad1f85d0,887,426,783,57,0.7653031929108818,0,2024,6,18,0,4,44,1,1,1
6583c3b2-ed78-488a-9500-fc80e6e396e5,837,948,139,702,1.2280880289588796,1,2024,7,3,2,12,5,2,1,1
3f3289bc-e898-4d1b-95f0-1a8dffcca5e3,986,817,897,535,0.12390361872825356,1,2024,7,1,17,32,30,0,1,1
6f001ec6-fea1-4981-9cd0-d5dec5f615cb,286,932,336,405,-0.9812139237236651,0,2024,7,2,3,34,59,1,1,1
fc0d5b67-4bcc-4e51-ae2f-e52f2b95ce87,944,6,782,919,0.4328609117288634,1,2024,6,14,10,11,7,4,1,1
9707d0c5-c1a4-4d64-80b5-d56838682aa1,628,663,231,103,-0.16119264773311348,0,2024,7,3,9,10,10,2,1,1
823469c7-4370-4da0-9cad-8d201e7dabeb,64,177,774,158,-1.3363334069850776,1,2024,6,15,8,4,50,5,1,1
82d8cf1e-56d5-44af-9503-e77736c780eb,10,308,722,867,-1.3604590531094631,0,2024,6,22,5,5,45,5,1,1
e912e5ef-148e-48b0-94d2-5e32e616b3f5,231,894,402,886,-1.1123921193848316,0,2024,6,21,13,29,19,4,1,1
77d3c4a2-459c-4f0c-8135-3da7aa66c39c,781,254,543,614,-1.7001644455363176,0,2024,6,20,21,28,43,3,1,1
f600aa3e-ba93-4c8e-ba9f-2ee8cace4bf5,226,537,81,871,-0.7822617777361649,1,2024,6,24,13,37,57,0,1,1
1750c2be-f969-4de7-8f16-eb948a25f4a3,717,716,716,623,-0.9891838478077636,1,2024,6,26,14,53,0,2,1,1
b6b2d71d-51f8-49b4-a63b-c3ff1f00240d,692,153,751,707,0.6974735331982024,1,2024,6,13,1,6,55,3,1,1
c6cd757d-c369-470f-8134-7def15175e1f,912,904,504,678,-1.0012832301547459,0,2024,6,9,0,40,55,6,1,1
9001cae7-62e0-437e-8be1-44711d2df846,400,539,125,221,-1.1368067579508863,0,2024,6,17,11,58,31,0,1,1
47c3e0ae-eb07-4046-b611-8ac354e2682c,897,309,367,464,-1.022546806555615,0,2024,6,20,19,26,21,3,1,1
fd0468d4-cfb4-4e40-b058-e2b190628074,908,799,491,123,0.6656599917580941,0,2024,7,1,22,58,10,0,1,1
1a289527-7bf9-4034-927c-e61624ceb3ae,765,887,912,248,-0.886288611227039,1,2024,7,2,22,58,50,1,1,1
e688e069-9560-466f-857d-0a21991eea52,794,733,730,907,0.5850206550225234,0,2024,6,21,19,41,1,4,1,1
e141dadc-0a32-439d-b411-3666007cfbb6,849,559,465,42,-0.9288679915784764,1,2024,6,20,20,42,43,3,1,1
26802397-e0ce-4c56-89cf-004e5d50785a,683,893,144,182,-0.5379308547333498,1,2024,6,27,9,59,17,3,1,1
8fb30c44-8411-4ada-a7e0-0c45c71eced0,917,47,513,750,1.1944952689923518,0,2024,6,28,7,58,53,4,1,1
4099b9a7-f934-4911-92bd-bcb6811794dc,866,486,75,216,-0.9985708794070338,1,2024,6,4,12,12,4,1,1,1
79770bd3-0359-4311-9079-a80cd4dde353,99,658,235,716,-0.12849123794811868,1,2024,6,12,7,52,57,2,1,1
e9788dca-ef61-423b-8281-00eeac9bdb07,896,565,418,179,0.5358814944288661,0,2024,6,12,3,27,49,2,1,1
cfca6a11-2709-46f2-b010-b696da0b6fd7,596,676,816,420,1.5173938359260022,1,2024,7,1,9,32,29,0,1,1
7e493fae-3fe6-4e96-9f2a-59668044979b,411,816,736,399,-0.18527999365438602,1,2024,6,7,20,22,32,4,1,1
d4a65349-af70-4fa1-9a5c-dadf31e0cd81,719,512,298,862,0.2368300266878719,0,2024,6,25,9,52,14,1,1,1
6d70690e-9c67-4ff8-a482-c12f4540d96e,160,515,471,378,0.15274367167215386,0,2024,6,13,1,46,10,3,1,1
3206d05c-e9cd-4d6f-ab22-81eb54b2d1ce,18,979,447,511,-0.6515431845123509,1,2024,6,23,8,56,39,6,1,1
8387d8a8-add2-415e-98cf-0b5f2666dc31,101,589,584,385,1.46944198162884,0,2024,6,10,23,9,36,0,1,1
273b1720-4d3a-4834-bce8-406ae4dc69c4,239,990,364,764,1.5171257345042133,0,2024,6,29,0,54,7,5,1,1
bde1d24a-23fd-44a9-b441-1883e1492489,961,64,794,207,-0.8418046662299037,0,2024,6,29,16,32,47,5,1,1
01eb623a-e640-499e-8323-2683a154544c,28,657,977,212,1.3193678584865012,1,2024,6,18,7,41,3,1,1,1
36cc5d6f-ca90-42fe-90b5-916c8be7cd27,45,936,925,238,-0.6456693260895139,0,2024,6,16,15,53,41,6,1,1
34e409c2-275b-44b4-8f61-2b719b673f6f,170,41,724,217,-0.7154522961609434,0,2024,6,28,15,45,3,4,1,1
56e2e6d7-1f8a-4a04-acec-1363e33dd2d3,96,435,142,796,0.4058697140443147,0,2024,6,4,3,53,15,1,1,1
f52158ab-f8d6-4f42-aac6-d45462caca32,70,268,895,817,-1.579497914711277,0,2024,6,29,6,14,55,5,1,1
8225eda3-2dc3-49e3-9a87-fb58e67fd99c,705,564,282,967,-1.5481056755054092,1,2024,6,19,23,49,22,2,1,1
8c1bc88f-242c-44f0-b02a-254d66949ed6,294,295,246,943,-1.019221652558099,1,2024,6,22,2,54,38,5,1,1
c8e0093e-01fa-4c97-81c0-c0fd966a5f8f,735,666,865,782,0.3387956128839508,1,2024,6,9,18,8,39,6,1,1
dcf5b4d8-2e37-4717-a88e-57e3690b56ec,248,671,635,583,-0.8531658992078038,0,2024,6,6,15,20,7,3,1,1
bbbdaf03-669f-476b-9304-69a95655f235,266,873,968,654,0.07571848137576805,0,2024,7,2,20,5,17,1,1,1
c3452731-66ff-4696-a51f-9ee84da81e4d,297,298,903,394,1.4059994360908943,0,2024,6,7,8,13,29,4,1,1
b69548af-727b-4d2f-88ea-ef7a811a3ec5,968,793,226,496,-1.0124251074239092,1,2024,6,17,11,39,29,0,1,1
71c23a65-1fee-4216-8683-5709a41f942b,416,517,534,633,1.2572205561810954,0,2024,6,5,10,45,53,2,1,1
df002d0c-1de6-4906-8853-f3da478d4d15,376,359,109,882,-1.0604605258005904,0,2024,6,12,14,15,47,2,1,1
d7aebfcb-74ed-41f5-9bf7-756979a91b5b,35,190,918,733,1.3548582194254335,1,2024,6,11,0,52,35,1,1,1
dbf62f00-a75b-43b0-8ce4-a8c588bed461,424,416,159,169,-1.1369146948869313,1,2024,6,20,17,36,10,3,1,1
5a009535-6b32-4558-b11a-d0dfd45d3db6,383,713,341,131,0.369815295568631,0,2024,6,8,21,47,8,5,1,1
2e4c7c52-34da-4d70-ac88-b357e88bee2b,405,167,396,569,0.7885026704872682,0,2024,6,10,15,39,23,0,1,1
8090b8a3-37c2-41f9-b6e0-15144d94f53d,686,900,407,738,-0.8603837465762338,1,2024,6,15,8,35,5,5,1,1
f2c47b46-11b5-42b7-ade3-476b2f46a311,871,810,909,403,-1.0278600892783472,0,2024,6,16,20,37,19,6,1,1
57e1fbad-51f9-4508-aa38-707246329d69,327,842,595,951,-0.5955517693981579,0,2024,6,25,0,52,2,1,1,1
a9cc560c-7f99-4f88-b04e-94c9bbf7a432,440,468,501,2,-1.2371915903094026,1,2024,6,15,10,29,27,5,1,1
d56d825d-f69f-41d3-9748-344086e1ede3,698,382,258,974,0.9796938025894666,1,2024,6,28,4,34,9,4,1,1
7a926fe8-0133-41f7-ae23-c05e80eb5888,240,522,457,903,-0.6389424176882565,1,2024,6,12,7,31,32,2,1,1
0db9dbd4-5096-4399-aaaa-accae8404375,501,175,373,832,-1.589177420588863,1,2024,6,29,1,29,57,5,1,1
854d4d33-c003-4d85-bebe-36844e0360d6,486,727,332,866,0.6531323435035786,0,2024,6,30,17,44,58,6,1,1
1f790b84-78cb-4f12-b86d-08d8aad45e1d,55,546,481,568,-1.4508161959257324,0,2024,7,2,15,32,25,1,1,1
bcd8d3d8-2386-45bd-bcd6-e6fcc1a4d184,512,73,399,494,1.5324632249325458,0,2024,6,16,11,0,12,6,1,1
fa3151a9-ae21-4203-a85e-050c8c73d352,746,398,398,762,0.5688440419623569,0,2024,6,18,12,9,8,1,1,1
11556abb-72f2-4ad0-bf8f-9c7ddbe86a41,157,56,237,193,-0.2895540375471698,1,2024,6,23,21,2,18,6,1,1
8151c72b-44a9-499c-a148-13a9336f8a32,534,128,685,894,-0.9223569570493091,1,2024,6,12,15,46,8,2,1,1
e6e1b2ff-ec11-4619-8e1a-eb187d54c2c8,311,399,479,966,0.5440289921819418,0,2024,6,20,21,32,13,3,1,1
44d38ad6-db53-4d1d-b615-f66d27d46cee,281,179,48,409,0.7159969041581866,0,2024,6,13,13,46,37,3,1,1
f1442c51-d71f-47ee-a791-418e9f1e60e0,498,240,120,313,-1.6653774156000014,0,2024,6,5,20,19,8,2,1,1
83545250-ff28-46ee-8dad-bc49faac114e,471,262,334,370,0.0015275061097258244,1,2024,7,2,11,45,56,1,1,1
e319ed8c-e82c-4423-bce7-ff5a4df70032,974,181,927,150,0.20898577902490298,0,2024,6,11,4,29,55,1,1,1
117ab6c8-6439-431b-a03b-c8d9942d94ae,847,368,870,436,0.8077467816331012,1,2024,6,20,7,52,25,3,1,1
2bbe78fb-daba-4282-a8f0-0d861f9798e4,606,478,630,747,-0.8410804442074081,0,2024,6,13,17,15,57,3,1,1
46bdb139-4097-44f1-a680-17a617ea1f03,758,907,901,188,-0.19335089100123642,0,2024,6,19,12,41,0,2,1,1
1e1bd908-f570-4ad7-8972-f652348b6d56,247,347,626,20,-1.6584172241434207,1,2024,6,27,17,2,43,3,1,1
e10612c5-25f6-4518-baff-0c733b824e94,232,807,43,818,-0.9389653178536558,1,2024,6,16,7,6,59,6,1,1
807cd9df-73ea-4dae-abe2-c3dff17a4399,133,548,477,11,1.10474744758924,0,2024,6,9,2,37,36,6,1,1
426c66c0-5867-4339-ae1a-de956debe74c,879,837,113,547,-0.7065387943456126,0,2024,6,26,17,57,15,2,1,1
3cef3f9b-e785-4b35-b3b2-2de693c2c3b8,620,594,51,938,1.4563259029810467,1,2024,6,12,18,40,7,2,1,1
d2677e72-9b87-45f7-ba71-819406449f4e,742,88,939,784,0.6362837359706154,1,2024,6,18,0,49,26,1,1,1
b215615a-2ff5-4dac-89f6-c1c968e2204a,126,708,700,360,1.5826190818270143,0,2024,6,25,7,4,34,1,1,1
84d331ab-25dd-4c1f-91ce-34d150cf1ce4,715,415,886,151,-0.14823325173441762,0,2024,6,22,8,45,46,5,1,1
7f76d5e5-d0b9-4d65-ac40-958592f27a24,39,534,958,210,1.079932397808825,0,2024,6,13,3,2,11,3,1,1
c332fc27-6767-41b3-9aa9-7143d7c9ea10,429,961,85,634,1.0718475731153883,0,2024,6,13,13,17,50,3,1,1
2c18b957-af1b-4924-90bf-bcd757f335dd,264,154,379,220,-0.5564507438566875,0,2024,6,22,11,44,19,5,1,1
fe47b1e2-6f06-40f4-a2a2-f74d864bcda8,798,535,550,983,-0.9709250964329219,0,2024,7,3,13,7,42,2,1,1
5791708f-5953-4c3c-bb76-0c003ad2c9cb,948,890,161,870,-0.7917532644348334,1,2024,6,14,0,10,49,4,1,1
9b936eaa-c86e-4e6c-8085-4f05d6fea362,127,622,519,159,-0.9225031941884667,0,2024,6,12,17,42,46,2,1,1
f195cc18-ca2c-4dcc-b2c6-63b07c9e3d61,526,677,74,842,-0.2047573878555426,1,2024,6,7,19,2,59,4,1,1
51de0122-bf9d-4aa5-bea7-73cbd0ae32fd,637,280,831,157,-0.08283391400107469,1,2024,6,18,13,36,7,1,1,1
7e0a5018-1207-431f-98da-d66888f2d9cb,748,985,21,244,-1.2009456708181552,0,2024,6,21,16,28,41,4,1,1
dda552ae-e710-481b-904f-59b24ea44926,533,992,210,572,1.2787069701273481,0,2024,6,18,2,21,0,1,1,1
9961f88e-bcd5-46ec-bcf4-6f2740f4baac,310,358,59,767,0.2921947112056746,1,2024,6,14,15,32,37,4,1,1
1861fa1b-207c-4583-a385-826ca010a1e6,317,195,162,857,-0.909355779010854,1,2024,6,19,8,40,54,2,1,1
64477709-b886-4cd3-829f-ea7d93cc29b6,561,439,690,899,-0.05443605431129416,1,2024,6,12,22,15,51,2,1,1
645cddcd-93fb-435d-aa1b-a4f6ccf7b77f,609,931,884,812,-1.1760470569582215,0,2024,6,29,4,37,22,5,1,1
9a06b033-fef3-42bc-a78c-4fe4a4d11062,684,103,165,142,-0.1374674128230884,1,2024,6,20,7,46,30,3,1,1
3bcde7c6-3b0d-4fc8-abf0-2625e226528a,388,970,339,365,-0.8066415979357532,0,2024,6,24,23,39,3,0,1,1
5172f563-29d4-4a25-8b73-905d10216645,814,524,358,352,-0.02676938031730261,1,2024,6,14,18,32,53,4,1,1
7e1766b7-2bf4-49ba-a5bb-1b417ad1146d,129,956,602,100,0.4170429278432978,0,2024,6,28,16,57,43,4,1,1
4c6dbea5-da4b-4973-9167-b318331deb91,783,17,256,472,-0.5898450391343584,0,2024,7,1,14,35,6,0,1,1
331265d2-53c7-4749-a988-4723da0ccccb,923,662,372,868,0.9539595479343456,0,2024,6,10,15,20,8,0,1,1
36a74625-2fef-499c-ba53-8efb1c147914,261,424,460,60,-0.5964605287629241,1,2024,7,1,10,16,40,0,1,1
56c89ca9-6c78-45d0-ad83-622c8c27d4d7,361,160,757,793,-1.5436315154145106,1,2024,6,27,3,48,41,3,1,1
5cc981c4-46e8-4488-988c-aec3651313ac,703,962,764,684,-0.5982223381061106,0,2024,6,19,0,53,15,2,1,1
7fefe9e9-5278-440a-8c40-70f1aa1ca29c,378,425,982,120,-0.3464785848826552,0,2024,6,23,21,30,0,6,1,1
0deeb06f-714a-4ac1-888b-c25013f2644d,963,139,533,725,0.21164242038626918,1,2024,6,13,11,4,33,3,1,1
9e99e59d-a2b2-42bd-ae44-d0960d11ef9f,22,606,153,224,0.7134412360595725,1,2024,6,17,7,44,37,0,1,1
44424015-33dc-4013-985a-5efe6f75c705,929,466,166,44,-0.4872945043816485,1,2024,6,24,2,52,33,0,1,1
064243ec-0c36-4699-998a-9223cef63638,321,984,205,888,-0.5531360353691114,0,2024,6,6,18,36,12,3,1,1
bb75729e-399f-423b-9969-9c3613692cb7,889,761,204,421,1.7007508355733203,0,2024,6,20,12,25,3,3,1,1
dc808f2a-0f0e-4b35-8897-a25486d24d3d,978,217,732,631,-1.5013480911780352,1,2024,6,18,14,35,16,1,1,1
d39fcd99-5648-4b25-9bd9-b08cedfc4ce6,174,937,809,373,0.8956457477768611,0,2024,6,23,1,39,59,6,1,1
64be3d14-30a7-434d-abf4-6ea076e911a3,351,958,888,921,-1.2433753321937884,0,2024,6,12,12,6,8,2,1,1
22ce368f-8067-40ef-9349-e54ea0cddb8c,436,886,480,898,0.26939912668029536,1,2024,6,12,6,0,30,2,1,1
d2f162b8-1247-4f43-91db-a4a7bdd6cb5b,727,23,249,368,0.36377779082340334,0,2024,6,20,14,29,34,3,1,1
4adae0ed-37e5-47a3-a8fc-2758fa6b66d2,392,913,415,331,1.4029841655549262,1,2024,6,16,23,27,17,6,1,1
969fed95-efd5-4e0e-a573-4952b2fa2866,951,406,225,349,1.192284302721752,0,2024,6,23,2,45,27,6,1,1
7bbdab6f-07ca-44c2-afa9-9b3640c29fb1,815,580,431,307,-0.06458560813617295,1,2024,7,1,19,25,29,0,1,1
170385a7-f8bc-49de-a637-9381e21b26f6,756,104,644,912,1.2799325766269556,1,2024,6,9,5,15,54,6,1,1
3b7733d5-bcfc-4a88-b67b-cb1dec178fb7,538,640,463,562,0.4457054071182207,0,2024,6,17,9,20,57,0,1,1
e1dfaaf1-2b11-4e7f-a0b9-7ea80099bce3,617,18,219,260,0.33343358444816573,0,2024,6,8,5,23,13,5,1,1
359683a9-79a5-4f1d-bbdf-d4d83f8d125f,316,140,570,36,1.5976954345068515,0,2024,7,1,4,51,49,0,1,1
6a1e3095-f393-42b3-8d52-400c22cba0dc,898,454,776,652,-1.5656471685310485,1,2024,6,17,16,11,57,0,1,1
3be34dcb-af1f-42cd-bbcc-1b9ca68cccb5,505,272,117,229,-1.584734597027784,1,2024,6,14,16,46,30,4,1,1
445cc6c5-a85f-42c8-bcb6-c1a03bcb91e1,449,500,666,940,1.6025282237723508,1,2024,6,24,21,13,40,0,1,1
1c00d3dc-380a-4fec-bf2e-1e10cf262091,420,833,603,687,-0.5692290843497593,1,2024,6,24,20,26,9,0,1,1
7dad9486-5365-4a1e-8013-2d0d38ee728b,933,717,228,296,-1.5051224021029646,0,2024,6,10,6,0,54,0,1,1
d1d13d11-efba-4833-a2bf-0f17dc02447f,555,770,44,775,-0.822114879993304,1,2024,6,18,5,11,34,1,1,1
98c53353-3691-4687-a078-efb3e164fd88,120,687,679,994,-0.5651866720030408,0,2024,6,27,7,8,50,3,1,1
683e0467-cf45-4a75-8a68-c9426aedaa49,163,152,615,616,0.057999414681151724,0,2024,6,14,15,32,47,4,1,1
5dafe924-4853-4510-95b3-252fb89036dc,90,408,357,469,1.4377572681446564,1,2024,7,3,22,39,13,2,1,1
0ca68b6a-9017-4406-8a93-f56adf516278,726,161,92,847,-0.5580036430010772,1,2024,6,21,16,41,28,4,1,1
4fdcda14-490a-4a4b-a511-fd9e4130fc4f,489,91,728,22,-0.22065197214733348,1,2024,6,13,7,29,48,3,1,1
9e86ca6a-de46-4e0a-9741-e9388f838820,587,58,262,828,-0.662455260562838,0,2024,7,3,4,52,48,2,1,1
e2bf46d8-4e1f-45cc-9488-97ae7b9bfd61,966,649,374,688,0.20847394903785102,1,2024,6,8,23,20,4,5,1,1
8139bbb6-ec34-41b7-b161-5c77c57641d3,292,806,965,225,0.5851599284883882,1,2024,6,5,23,30,27,2,1,1
bcbdb478-f82f-42e7-988a-618c51b0f5e8,601,277,590,869,-0.07684863680554577,1,2024,6,27,5,23,10,3,1,1
9bb657ae-fa35-4deb-a243-9d70e29738e5,733,532,58,558,-1.155389320133863,1,2024,6,6,6,30,8,3,1,1
a732ef73-3a2d-4e21-a587-d1d496a29ad6,813,113,781,102,-1.445088574642053,1,2024,6,26,11,3,35,2,1,1
7b5f0235-3b54-4dd8-9b07-5d0cdaf363c0,892,230,569,343,1.4670952237290227,0,2024,6,13,16,26,48,3,1,1
7a887b29-98d3-425b-b173-a8462b7cad5d,657,569,760,525,-1.5606611784530975,1,2024,6,19,12,21,16,2,1,1
247cfd80-21c1-4a8c-bb2d-dd4453184bc9,314,808,241,739,0.25834429532729725,0,2024,6,15,8,55,9,5,1,1
224033c6-12ce-4275-ba1f-cb6727496e4f,835,600,363,758,0.7252899261679985,1,2024,6,5,12,54,51,2,1,1
a4a08a97-09f6-4efe-a825-b7d7f52da332,720,429,954,318,-1.6340931133301781,1,2024,6,17,3,33,15,0,1,1
20339cf2-ce5f-4a8f-a44e-682a37eb79ab,532,14,531,984,-0.46364238804120234,0,2024,6,29,10,22,12,5,1,1
faf020fb-feea-415e-91f5-ed8ba5c76d60,650,701,456,439,-0.9397173945693243,1,2024,6,8,14,58,5,5,1,1
4b483507-686e-40ca-80bd-69f8913d5829,368,561,255,329,-0.41318361135847825,1,2024,6,9,20,8,22,6,1,1
d5af673b-514b-48f9-869b-001fb04cf079,523,598,572,670,-0.683865074102865,0,2024,6,10,11,56,40,0,1,1
b2c70126-9eb4-406c-81f0-ba9886b557ea,643,109,389,586,-0.2622634019110125,1,2024,6,21,5,12,15,4,1,1
e96988fb-1def-4ef1-8dff-edcf2d74ad27,600,523,502,780,1.5266798942625206,1,2024,6,14,2,5,41,4,1,1
b9fb5dc4-2e04-4a3c-bfce-ca646e4d86f0,366,235,451,407,-1.1208738734559827,0,2024,6,11,2,10,59,1,1,1
fd23941e-6e57-4f88-8b36-8a051fa58859,370,518,14,658,0.4100270270003715,0,2024,6,15,12,48,54,5,1,1
d2083832-2ba7-43a2-943e-acdf28fb48b8,203,27,68,168,1.2657928380050583,0,2024,6,13,9,46,34,3,1,1
3b86e2b1-23de-4e43-89e5-d313fda3ac65,172,497,787,13,0.7415431396343908,1,2024,7,1,16,38,53,0,1,1
b5e81832-e3e0-4161-8fbb-f011f3a55363,135,245,721,64,1.15328773227968,0,2024,6,12,0,21,47,2,1,1
1bdb2dfa-940c-4ddf-9e99-3552ba10f7c8,76,407,598,101,-1.618504930663289,0,2024,6,19,8,35,36,2,1,1
e90d6496-56de-4e00-8a7f-c001dc8cb20d,480,436,755,816,0.2952343545981681,1,2024,6,19,17,38,34,2,1,1
764d0501-7a75-49e9-9f75-1561af6cfb5e,179,45,758,53,-1.2575707802020317,1,2024,6,28,11,18,46,4,1,1
ea7a8976-1a2f-437d-b6fc-65695c89f70c,925,412,923,744,-0.6258716029168692,1,2024,6,21,9,22,26,4,1,1
64210714-d6eb-4805-9f96-eeafdfe6f74b,770,55,60,448,-0.048022511208231915,1,2024,6,26,14,7,39,2,1,1
0512959e-83ef-4325-8e7e-cf06f1d83e34,125,402,795,4,0.1253381354266583,1,2024,6,4,9,4,22,1,1,1
f172fc8d-0c89-40cf-a0bc-27cc477f40c0,970,632,804,32,0.22614775185606134,1,2024,6,4,15,31,14,1,1,1
492a8f5e-946b-465e-9af2-ecdb3a330401,279,974,49,759,1.4073817252395997,0,2024,6,10,15,21,25,0,1,1
ea881988-35dc-4988-9ef3-3f5f8c56b570,647,905,797,761,-0.6252170176273057,0,2024,6,28,14,39,10,4,1,1
3439d87b-2a6c-4ce7-bd4b-7e29f80322fe,993,821,701,376,1.22609293656037,1,2024,6,29,13,51,38,5,1,1
c1e33699-cac5-4e77-88f7-b643efcb4ac0,309,925,743,914,-1.0264151270700026,1,2024,6,22,7,24,16,5,1,1
7dd6303f-eacc-43ba-9d44-ad906782bbed,117,711,712,94,-0.06750338724603518,1,2024,6,16,13,50,34,6,1,1
42d9370e-4e6a-4533-a388-e86558bd3578,659,754,576,351,1.639393910186696,0,2024,6,10,22,20,22,0,1,1
026355dc-01de-4424-9315-8ecacbadf8dd,132,404,723,980,0.5280264709541058,0,2024,6,5,18,11,24,2,1,1
a92f7bb2-4bfe-478f-b7f5-0d3c7060ff8f,901,694,8,185,-0.28737092596974295,1,2024,6,27,3,11,31,3,1,1
2187aa4a-8d0b-417f-aae0-74bacff2ae96,903,111,540,709,-1.1553475380941036,1,2024,6,25,21,21,14,1,1,1
517f7c65-7c88-4b76-bb2f-a737f7cdd47a,229,563,27,561,-1.4222686172601477,1,2024,7,1,14,35,3,0,1,1
948d0721-b77f-431a-9c47-ea3fe10a8986,333,514,476,190,-1.1406019598956951,0,2024,6,5,0,23,36,2,1,1
07aa33e8-de5d-465b-bc0d-32bb60156a6f,443,953,55,576,-0.9771297293371873,1,2024,6,27,17,45,6,3,1,1
b1aab44e-4627-4bb8-b7ee-17359b128d3f,581,87,962,641,-1.0749484480871492,0,2024,6,4,23,54,35,1,1,1
e815b5c8-d88d-491a-8b6a-3bcc1a9dfa5a,751,367,664,233,0.701596027787793,1,2024,6,29,20,29,49,5,1,1
c0dc63ed-a271-404c-b05b-66eea26e01f4,447,119,187,515,-0.42594454266831705,1,2024,7,3,15,28,42,2,1,1
a709fafd-5aac-4a7d-93e0-db13820dcc52,105,36,528,55,1.474344407627272,1,2024,6,17,11,33,25,0,1,1
7aba4a9d-491d-4630-8e9b-ec13b7b332fe,365,105,821,904,0.4540095875203942,0,2024,6,11,3,37,58,1,1,1
d28bcd7c-ed99-4cad-a286-b336ea3dbbf3,578,511,898,551,-0.6424938910678023,1,2024,7,3,0,56,45,2,1,1
68cc15dd-b253-4abb-ae95-76f23624665c,11,397,672,815,1.3236748904183624,0,2024,6,25,11,16,39,1,1,1
96f70382-8955-4858-a279-14b32cc26103,427,584,509,676,0.6398143183302817,0,2024,7,2,4,59,31,1,1,1
ca3efe60-77f7-4c52-b87e-835f2a5e7084,651,77,950,167,0.22293401663123716,0,2024,6,14,20,48,54,4,1,1
3f2d11aa-6a22-4fee-9764-1e94edc5f03a,503,324,25,768,-0.5883826677427807,0,2024,6,24,13,4,18,0,1,1
f6a1a911-4436-4ac5-841b-b5dc4490dbb4,688,828,123,510,-0.9129072523903997,1,2024,6,24,6,16,32,0,1,1
5f7bf32e-9c62-4539-b7be-00d371d09f97,494,583,788,276,0.8563114391800677,1,2024,6,11,22,40,34,1,1,1
e680b426-56f0-47cf-bfa5-6ff4ffb83cd2,100,261,800,530,-0.5230947487821292,0,2024,6,21,4,12,39,4,1,1
301c14d4-fc65-45b5-9300-1212267235fa,562,49,157,69,1.5454365482778283,1,2024,6,17,2,23,44,0,1,1
dbcd8fde-ef12-4429-a895-4f9cf2ecaaa7,869,921,557,301,-0.39386986347971276,0,2024,6,28,9,38,43,4,1,1
62660621-a015-4ad9-9fca-6dcb0c6c357e,134,174,832,807,-1.7306479253774194,0,2024,6,30,23,33,27,6,1,1
e2e78475-164a-428c-8136-25270e41a084,883,882,938,79,0.6105947451919004,1,2024,6,8,7,39,13,5,1,1
be360a78-f0be-4606-bded-fa0fcf7f49d4,594,669,400,592,-1.1841492908348912,1,2024,6,15,22,31,35,5,1,1
8893686f-2013-4720-bfc7-50b5da54cb21,13,691,327,411,-1.6256461776254936,0,2024,6,8,8,22,35,5,1,1
44a16df3-b016-4684-9761-0db12b74ea58,151,601,494,75,1.3429120378909025,1,2024,7,3,20,57,2,2,1,1
5ac6a8cc-58a5-44a9-b20f-a1a95ed2ecf1,302,364,467,557,-0.25433874170331994,1,2024,6,12,11,13,6,2,1,1
8332d8ea-5bda-4494-91c7-7d34349c1f37,894,487,472,604,1.2768441875214098,1,2024,6,11,11,11,14,1,1,1
8de06bc6-1ea5-4448-bd4c-8a4e62178995,168,168,634,279,1.5561675688226912,1,2024,6,20,13,37,35,3,1,1
52059936-f18b-4088-87d6-005683a9bd10,852,840,808,880,-0.7644347741055032,1,2024,7,3,0,56,38,2,1,1
bb6aef75-74e6-40e3-84e2-281f0b3a537f,241,118,495,304,-0.22150154028910737,0,2024,6,12,13,57,22,2,1,1
f5cca819-7751-48a1-bc0c-ecec750053db,495,401,131,573,-0.08292444175388672,0,2024,6,26,8,33,52,2,1,1
ac836136-6bb0-42b3-b3f4-e01808d9c9b4,602,776,42,865,-0.3127883334900221,0,2024,6,8,7,21,53,5,1,1
2564833d-402f-4952-980f-494604278e5a,8,288,338,240,1.676224778234574,1,2024,6,19,17,33,7,2,1,1
c2087bc4-8674-424b-9af9-a4795f9ed850,856,814,61,156,0.20243296245597633,0,2024,6,26,16,11,0,2,1,1
82d1fcce-9ea7-43bb-9de5-0e614d5f037d,729,605,303,383,1.1041485716860224,0,2024,6,29,19,50,3,5,1,1
faefe616-2031-4dbf-8619-9fe345e2027e,614,205,76,783,0.796980942721772,1,2024,6,28,17,51,19,4,1,1
8cc7b996-cd9f-4d48-8b91-2768b33f665a,553,110,291,656,1.4967221717550576,1,2024,6,30,12,31,57,6,1,1
f3a01fd3-99e5-4d64-b250-f69118d92c8b,612,858,439,760,-0.8886841148399091,0,2024,6,20,11,9,45,3,1,1
92dbd8ae-1e2d-4a28-b2e8-14fc14016949,666,742,150,292,0.2592983185684693,1,2024,6,18,20,16,46,1,1,1
7f4000a8-12ca-4034-9290-b966de4ce180,349,462,89,135,1.5027004852772932,1,2024,6,20,11,22,49,3,1,1
ec3e86c5-a106-49a5-9b76-b5861af0dcba,491,746,522,877,0.06315253291813958,1,2024,6,15,0,21,35,5,1,1
80e7e291-ab10-4c72-adb5-9e923e230452,493,311,889,675,-0.20008824491243382,1,2024,6,17,5,42,44,0,1,1
b85affe6-99bc-4281-9cd8-012632c57334,910,232,830,467,-1.0713551926678442,1,2024,6,21,20,37,7,4,1,1
13b93023-1cea-4475-bb1d-192c2bd73ddd,136,183,299,247,0.5914759801653453,0,2024,6,26,19,24,0,2,1,1
b639c0f1-a01e-46c7-aba1-c9036d38b78d,394,949,676,122,0.8065594753366061,1,2024,6,7,12,10,6,4,1,1
2ba823a5-3002-410d-80fd-0c92395835f1,822,996,201,712,-0.29222112441847575,0,2024,6,22,22,10,21,5,1,1
e2cdf5d2-0a88-448b-a41e-18e64ecf1295,934,878,839,927,0.09385188663133158,0,2024,7,1,19,31,59,0,1,1
26d16221-172d-469c-b5a9-cddeae89ca07,187,680,277,681,-1.2487791426693324,0,2024,6,7,15,50,17,4,1,1
cde0ea22-9787-40b7-886b-221a4fbd837f,218,459,891,483,-0.9823281114505814,1,2024,6,4,6,2,11,1,1,1
b7b6f2e1-18f2-4a6e-bd4a-36cb083e0f8b,860,651,875,773,0.02551387876824692,1,2024,6,28,1,21,21,4,1,1
21d41479-8fec-4da4-b5b0-cbba4b905007,876,566,121,820,-1.6610773473414335,0,2024,6,27,14,57,14,3,1,1
04945752-915d-4356-8ba6-bfd91ed6e78d,173,531,252,553,-0.23452012751079537,1,2024,7,1,23,35,51,0,1,1
a11f6e72-014e-4dac-9044-9cd7b7f7c2b6,605,252,731,417,1.5421288034635454,0,2024,6,30,4,46,4,6,1,1
1fa47bbe-73e6-44df-843d-12c94955028b,678,32,661,146,-0.26377451901564286,1,2024,6,7,9,57,33,4,1,1
85ce2baa-5ba9-4595-8035-602a626a6741,930,330,942,668,-0.17843122097049707,1,2024,6,5,12,6,16,2,1,1
3ec82afa-f51e-4857-8a33-bfce8d8d60ec,924,703,924,512,-0.31447702426362983,0,2024,6,21,13,7,47,4,1,1
903e6d72-f816-4fb6-b650-6bbb5aee7e4e,824,720,375,382,1.5697676227643638,0,2024,6,4,19,5,40,1,1,1
4da92580-5b45-44b5-a195-f577b673e14d,693,380,748,480,-1.309244717874424,0,2024,6,12,14,27,4,2,1,1
7562a6d8-a20a-464e-85b7-2305164b16ae,363,187,6,447,-0.005808723704688896,1,2024,6,27,14,18,28,3,1,1
4994f75a-fbb1-40a8-a230-17afe0bf8ab7,644,964,193,699,-0.10108570170262313,0,2024,6,7,0,55,33,4,1,1
f03aee82-affe-43c2-a8d9-23c05b3be54c,156,265,222,697,0.9645582586866372,1,2024,6,14,23,1,44,4,1,1
93f47dc7-6124-46b5-b718-9190d4f7e032,791,593,619,852,1.2015529518750376,0,2024,7,1,7,41,35,0,1,1
ea6f6810-0b53-4fa7-a422-8c09a35a3c39,710,993,872,322,-1.4167812427050845,1,2024,6,23,16,56,48,6,1,1
f46b70db-ca74-493b-ba2e-a8915408d81d,853,763,605,396,-1.4034910722249605,0,2024,6,7,2,59,33,4,1,1
234fea1f-012d-4428-b12e-07110a984591,648,223,390,431,-1.6628217475013871,0,2024,6,21,14,53,58,4,1,1
9e719490-5ab5-4c91-bd5d-edf4f1e377ee,214,902,428,651,-0.7636478790233686,1,2024,6,9,9,20,21,6,1,1
4688d21e-35b1-4606-b3fd-07668bfea5cf,595,644,863,619,-0.30406981452690174,1,2024,6,27,18,33,50,3,1,1
dd26839a-08e9-41a7-bb7c-49d1df122b16,790,423,406,999,-0.4709751360189705,1,2024,6,11,6,0,26,1,1,1
bf866061-c2b2-4c3f-b3ed-bf650089d355,223,928,512,964,0.31742409954703665,0,2024,6,23,18,42,18,6,1,1
2e94ec53-f2b1-4fb1-ac60-078ea038289d,69,760,881,566,1.0971396345163895,0,2024,6,17,18,35,8,0,1,1
d47e549b-5a3c-474f-90c1-341279d6bf7f,177,938,859,728,-0.3575299343990068,1,2024,6,25,8,31,10,1,1,1
c5e2904f-018b-49fe-8f10-9689af421626,338,859,829,534,-1.7148821690415532,1,2024,6,21,16,56,31,4,1,1
bcc43af0-882e-422c-848f-4e9c88dfe3d8,642,66,432,508,-0.8753556441566722,1,2024,6,30,2,15,17,6,1,1
84cb84db-607b-4f91-b086-ba7640171132,110,244,971,412,1.6238753642527393,0,2024,6,5,8,58,6,2,1,1
9aebac7d-24c8-477c-ac66-88ed57ba8308,451,690,695,683,1.0776169764388268,1,2024,7,2,18,45,46,1,1,1
1d571a70-301f-4d34-b4d5-a210f722d39c,863,432,848,437,-0.5397135550964159,1,2024,6,10,16,19,59,0,1,1
87560fd6-9b6c-4124-9226-cb7eaf272a88,545,919,810,82,-1.0673719715441181,1,2024,6,15,22,14,45,5,1,1
7ab5328e-2047-4b85-bd9f-d96de38a3fd4,323,164,520,790,-1.2079371988045553,1,2024,7,2,1,21,30,1,1,1
72b04783-77d2-41c0-b1a9-5d1408ef96bb,350,782,173,9,-1.090143183212971,1,2024,6,28,23,12,49,4,1,1
f32839c4-4af8-4887-87ae-2df57ba5247f,176,975,411,121,1.2628019403256172,1,2024,6,29,19,45,46,5,1,1
d776eaea-7cb0-4ded-9e42-a344e7e3015b,593,521,812,108,-1.4847536577202751,1,2024,6,12,2,44,25,2,1,1
ae39a050-9dff-437a-a390-474799f49ccf,943,336,343,202,-0.6555229237994304,1,2024,6,4,21,34,6,1,1,1
53a3bab1-12ae-4ab3-9eb7-427a9b2d3567,672,249,160,245,-0.07651089865082447,0,2024,6,19,15,16,44,2,1,1
d411646e-4f50-4c0b-b35e-c0687cd8fcc6,868,652,979,84,1.524792738800056,1,2024,6,5,8,4,19,2,1,1
d381c635-0acf-4af4-8772-5ddba7840de7,949,231,911,435,-0.7191047428032411,1,2024,6,25,7,56,2,1,1,1
b7e84777-e0f1-457f-9322-bf8941d1ce35,492,595,945,262,0.354209703718509,1,2024,6,7,8,11,28,4,1,1
f4d81d64-d2ae-4cb3-b068-a195194cdd9c,808,218,577,519,-0.7842882066644938,0,2024,6,7,7,25,43,4,1,1
a293b909-dcb8-4004-a54f-f8f0e097c94e,515,82,130,895,-1.5773008757872642,1,2024,6,23,7,4,58,6,1,1
058a6461-61e7-4444-9ecd-b52ade13a365,619,259,314,51,-0.04301214827375517,0,2024,6,10,16,20,21,0,1,1
47e32a3e-02ca-430c-8608-c0076f87c804,673,660,876,96,-0.05738168811432927,1,2024,6,8,9,26,13,5,1,1
722d42ca-8141-409d-aecc-a67997bbd547,872,335,694,998,1.6046173257603191,0,2024,6,14,11,58,55,4,1,1
f6db20a5-46c8-4e0b-9201-afa90893cf45,421,911,929,717,-1.1773631912106413,0,2024,6,26,19,56,10,2,1,1
c16a93f9-9f47-4205-8b95-c1b5e7e3b199,435,969,838,271,0.5832553638426904,0,2024,6,19,16,48,34,2,1,1
447f9494-6c45-4682-b63f-9224f98c2d86,743,659,647,988,0.7932762685297754,0,2024,6,16,16,23,37,6,1,1
2967d94a-ab11-4aa8-bcb9-592d7919423c,255,37,455,379,-0.29459225517481974,1,2024,6,20,3,2,16,3,1,1
0df66628-f0ba-448f-9fcb-fe53e414d6ee,446,617,39,720,0.3403276210084607,0,2024,7,3,19,58,28,2,1,1
be3bfffa-1d86-4e1c-ad1f-6822a953dd4b,625,201,244,770,0.5194611528034362,0,2024,6,22,9,36,54,5,1,1
8be1cd4c-9f7d-4b42-bf63-b89907896e56,537,76,32,83,-1.0696456108743568,1,2024,6,8,16,19,9,5,1,1
2a886d05-3135-48bd-b6a9-5851be6174aa,202,935,297,837,-0.8692136843120459,0,2024,6,20,11,47,33,3,1,1
e5468034-715c-4e3d-9796-d49a2857d8b3,844,731,762,419,1.5545972604950684,0,2024,7,3,12,36,47,2,1,1
51a021e1-470f-4443-a402-81cd83974661,589,340,609,639,0.12814101392718233,1,2024,6,25,8,58,6,1,1,1
c9ae2d0f-3fbf-49e4-a676-600f7dfee50f,624,248,899,348,1.3602968482674442,0,2024,6,19,22,25,35,2,1,1
fbdaa559-f7d4-44ef-a01e-b87259d48269,709,901,947,230,0.2664813475704331,0,2024,6,21,2,16,15,4,1,1
5d549970-62b1-42c5-9c2f-8d8b06deb562,547,940,581,781,1.4103656592457474,0,2024,6,12,13,50,33,2,1,1
85008307-c80e-4466-9373-7205cb2b54c5,200,543,984,139,-0.03093365694665247,1,2024,6,14,2,7,35,4,1,1
b40a6ff7-e4c4-495e-9d37-1c52e8629f3d,690,489,87,734,-0.1683060400021448,0,2024,6,10,19,45,53,0,1,1
56c4811d-4820-4cb3-a6aa-b0a393b970ec,956,802,273,689,-0.3693542516509066,1,2024,7,3,0,48,25,2,1,1
80ea3570-6ce7-4f8e-a13c-a5a6fe80dba4,442,341,826,620,0.4770036367346303,1,2024,6,18,18,1,11,1,1,1
a6232492-be18-4344-b1b2-546531e74b40,778,472,171,466,1.7227142611401587,1,2024,6,12,15,45,46,2,1,1
09413ca3-1ba2-4f20-9703-f2c495b65282,579,999,948,627,-1.3920845753706546,0,2024,6,27,16,2,24,3,1,1
81bbb593-f7c6-4b29-a5d0-7d51d4a888ba,804,97,820,145,-0.39518599773213264,1,2024,6,14,11,35,6,4,1,1
8245a0a1-e277-41e3-a80c-0f460dd28894,41,857,561,548,0.7356692812115534,0,2024,6,26,18,22,53,2,1,1
a962bb39-1276-4751-882e-e575afb99607,230,385,280,696,-0.5237388885617528,1,2024,6,28,6,43,56,4,1,1
ba75577a-951d-4e78-bc46-66ba7e3a69b2,196,693,931,138,0.11466978794143418,0,2024,6,18,11,39,21,1,1,1
433d660b-ddfb-4e49-aa8c-28a4183c6099,759,433,691,935,-1.4237205431417856,0,2024,6,29,4,8,27,5,1,1
81bacb56-efe3-42bb-b135-5421b0ecee7e,965,560,591,840,-0.6828100775989411,1,2024,6,28,12,30,3,4,1,1
047b109b-5ed1-4c86-ba20-9f88a87b4812,245,952,867,640,-0.27881953516566016,0,2024,6,18,7,46,16,1,1,1
018a3fd0-de8f-4c42-83e1-a994126470cf,773,634,290,66,0.2657745347311707,1,2024,6,11,11,24,43,1,1,1
ee03febb-1f86-4cc8-a930-374a260434ca,861,159,421,455,1.009379941838494,1,2024,6,4,22,24,54,1,1,1
bcb3f6db-30e3-4bc1-a1e5-b3918d795c0f,254,8,524,416,0.689917947675051,0,2024,6,15,9,59,34,5,1,1
cfcab6cf-b69e-4bab-9075-1f42406cd830,149,739,257,853,0.40017691112710174,0,2024,6,22,9,51,16,5,1,1
11357995-606e-4e71-991b-1fc0273504fb,328,876,115,362,0.9700978607913994,0,2024,6,11,19,14,0,1,1,1
0af8808f-a11b-4344-80ef-f81ac959d7f3,450,700,71,493,-1.3315632907792172,0,2024,6,13,17,47,3,3,1,1
b389e441-ac92-4f7f-9735-b3aae39a6990,639,780,756,581,-0.7940721676414781,0,2024,6,15,10,56,38,5,1,1
699a0294-d8d5-47cc-9acd-16ca252d8bfe,656,849,616,282,0.267365734078673,0,2024,6,11,16,19,52,1,1,1
4318f7b6-60b0-4e97-b802-51c41b7f7d9a,417,673,713,204,-1.2326060114458124,0,2024,6,6,0,47,47,3,1,1
dc19a066-4612-491d-b4b0-a062bd2d8f4b,520,627,306,390,-1.1064938881054684,1,2024,6,8,10,22,32,5,1,1
125df19f-c39a-4e82-b08a-d88fa01edb1a,73,312,952,413,0.414570823824202,1,2024,6,30,5,55,31,6,1,1
4ebc9626-2a63-4946-be1e-1bc973ab6621,109,630,554,542,-1.597286618138826,0,2024,6,19,6,44,42,2,1,1
07a28686-5402-43a5-b0d2-28099faf1d00,611,333,352,649,-0.6053426940484354,0,2024,6,30,17,15,59,6,1,1
5f780bc4-37f2-4cf3-8abf-1a17fc80b4ee,412,863,766,521,-0.43581554956146656,0,2024,6,22,22,36,55,5,1,1
946575d0-b962-46bb-b3ee-38d6b0e872ba,320,779,35,538,-0.17180180399534484,1,2024,6,27,1,13,19,3,1,1
a8bbd497-316a-4052-8969-c27d410004cb,741,460,650,334,1.0961229382155784,1,2024,7,2,9,8,23,1,1,1
cdfd068a-06ae-4735-b4be-94cfa1a27702,992,291,404,751,-1.2298832151881607,1,2024,6,17,11,31,48,0,1,1
5c49cb2d-3f5c-44c5-9c6a-1a6275bbb8e7,658,973,687,251,0.7114461436610627,1,2024,6,25,13,7,38,1,1,1
9bfa623e-e9a2-4055-a68f-6176799c23ba,107,1,733,275,0.35167144480312773,0,2024,6,8,23,57,36,5,1,1
ede14443-139b-4f8e-bcbc-085fa51a5f72,140,794,786,737,-0.14624164117255456,0,2024,6,9,22,19,6,6,1,1
008ff015-7cbc-4090-bcda-40f48d2506c3,295,748,536,845,1.636451758220307,0,2024,6,9,21,22,23,6,1,1
5077ad98-c567-493c-ba98-8fbbd73bb2ac,18,635,503,540,-0.23421720772254,1,2024,6,13,9,37,5,3,1,1
927422c0-3664-4508-9fa8-b4351a1ac0bd,953,920,835,779,-0.3300094975441731,1,2024,6,18,7,55,33,1,1,1
57468925-802b-4eb1-88bb-a9ed020e8052,228,756,497,424,0.7672042757199328,0,2024,6,10,15,19,15,0,1,1
e4145ddf-6b3b-40ce-ae74-4b9985c9c4cb,472,726,514,580,-1.410569646127526,0,2024,6,5,19,55,40,2,1,1
1f9cb120-d002-405c-afd3-511b47901e75,885,390,383,925,-0.23820042884626613,1,2024,6,13,14,27,39,3,1,1
c48ba602-ed97-4093-899f-12f49a537640,905,46,250,398,-0.6411742749787358,0,2024,6,25,13,7,17,1,1,1
6ae8e16c-3e3b-42c7-a435-270ecbfd3569,54,225,101,367,-0.7769276039935528,1,2024,6,28,5,0,12,4,1,1
d4ed90e4-60fe-446a-a063-8b03606fb8bb,981,448,154,335,1.4623912624194475,0,2024,7,2,17,55,39,1,1,1
0464c505-4f1a-4246-b11a-1e80a20a32bd,216,620,329,801,1.2963494364157393,0,2024,6,28,3,21,48,4,1,1
31d854ec-30b1-4485-92cb-0230a0b171ff,775,795,988,381,-1.1791667825935872,0,2024,6,9,18,54,3,6,1,1
56161ad7-99da-4e86-b6b8-b409a850ec9d,859,976,919,5,0.11127151537433956,1,2024,6,19,7,22,15,2,1,1
cd859939-7da1-412c-ba6a-3ac2c8dfbdba,667,787,106,372,0.2668713132748538,0,2024,6,11,23,22,43,1,1,1
b8117cfa-4c30-4d0c-956e-40aea7be2c82,972,618,935,995,1.0681533444333313,0,2024,6,28,18,33,15,4,1,1
b3434da7-0e81-45c3-95f5-1a9a783f25d4,749,143,656,97,1.0525442707465624,1,2024,6,24,19,18,5,0,1,1
8be1de64-c72a-48ec-a637-c98eab58cdfb,827,653,433,872,-0.7913180348540068,1,2024,6,21,6,36,32,4,1,1
bb92963b-f1fc-4b8b-83b1-6c804d38df80,857,345,877,6,1.733894438612435,1,2024,6,20,0,55,3,3,1,1
24d9d27d-5914-427b-801d-9425fa637033,616,228,861,663,-0.3038574224914584,0,2024,6,4,20,49,30,1,1,1
5d10dce5-9fb1-4fa3-a22d-667d48b450c9,937,317,391,404,1.421726892223648,1,2024,6,9,11,18,32,6,1,1
e78ec137-15a6-4db9-82b4-957dd2b53419,548,698,445,364,1.0871467633406082,1,2024,6,13,15,31,13,3,1,1
9f40c524-4848-47da-b265-ad556e950921,878,282,97,710,-1.6586435435254507,0,2024,6,19,4,48,53,2,1,1
044f4d60-3930-40ae-a4ba-a34f677c0afa,375,571,15,184,0.44756818972415907,0,2024,6,16,2,43,52,6,1,1
321660c1-6868-4e43-b34a-c8a60147cd5a,68,165,718,114,1.1325011674993972,1,2024,6,8,12,35,9,5,1,1
dae02a42-6403-4bd2-a040-a31908a6125e,444,220,955,987,-1.3184019482550178,0,2024,6,20,16,19,44,3,1,1
98ca120c-9a69-48d2-9b02-be47ae6878ba,550,998,799,92,0.30519588924412977,1,2024,6,7,3,14,26,4,1,1
9ff95193-e54e-47d2-b8f2-df37d3d1f63a,403,917,604,621,1.023704217802662,0,2024,6,6,11,53,15,3,1,1
7d2dfed8-f0d3-455d-be89-97fa0939c246,987,236,683,754,-0.35508916690973064,1,2024,6,25,19,48,47,1,1,1
2eef4d86-42da-474e-b48d-addc0e36fe50,44,918,752,574,-0.6403734525500147,1,2024,6,4,6,45,48,1,1,1
63bf7da6-c7c7-47bb-a10c-150e0eb4741f,755,43,304,524,0.7998708671384613,1,2024,6,20,9,9,52,3,1,1
31fdfcf2-2733-4d18-a512-950f3ebb0d4c,541,162,301,482,0.13256991014167488,0,2024,6,28,3,20,41,4,1,1
19f940a3-0ec8-4d9f-b8f2-6aad8ad07d9c,942,611,2,677,-0.4826566979683592,1,2024,6,9,2,11,33,6,1,1
58b4174f-e991-4a40-9abb-fbe569688ef0,113,350,351,488,0.3846061376434457,1,2024,6,5,6,15,53,2,1,1
a05430e8-214e-46d7-9750-80a3b4bdea04,990,189,7,657,-1.074753465234939,0,2024,6,7,9,1,34,4,1,1
7554c6cb-1191-4940-b4c7-66ed625fe762,768,242,34,982,-1.7070584820966124,1,2024,6,26,7,7,13,2,1,1
8a00b342-43fc-4acc-9bf5-9bf4d9223035,771,351,69,778,1.7112938369392665,0,2024,6,11,18,33,8,1,1,1
0365a353-a5f4-4c30-a38c-ea714d6e791c,739,287,698,889,0.3025636207392898,0,2024,6,30,22,24,6,6,1,1
b2f7fafb-211d-4d16-888e-0971bb34f15a,47,257,470,410,-1.052497565389785,1,2024,6,24,8,27,44,0,1,1
6abcd5a2-a386-4544-bee4-0897aef6d6fa,769,275,668,41,-0.006174316552583386,1,2024,6,23,2,6,37,6,1,1
470673f8-6929-4563-8640-1831564196c1,731,496,920,18,1.2083773517024003,1,2024,6,29,15,11,48,5,1,1
d871de7e-1ea1-47ab-be86-3275fa53b4f6,263,576,206,133,0.6091880831866685,1,2024,7,2,12,11,26,1,1,1
58cc69b7-d474-4327-a8a1-f65cad84b834,522,692,684,474,-0.1465724156539828,1,2024,6,6,8,33,42,3,1,1
97cb4944-b77d-4b9a-bfdd-7811aa67871f,410,812,346,636,0.08624059172183439,1,2024,6,27,23,11,59,3,1,1
22ee690b-f250-4f10-8dfa-3937fe9113bc,604,865,579,763,-1.4519060107961224,1,2024,6,15,6,26,45,5,1,1
81ae109e-2d5b-40c3-8308-c5000cf8b519,831,868,544,625,1.7340580849348257,1,2024,6,27,3,14,57,3,1,1
736c8e5b-cd1b-4232-980d-2c24cea4ccc0,63,440,199,186,0.3816639856770573,1,2024,6,6,15,36,26,3,1,1
21cc5c2d-08dd-4079-a228-2aa6bef5c62f,40,145,662,714,1.6611101253516245,1,2024,6,25,2,16,22,1,1,1
1649908d-ebc6-4214-97f7-cd9899b4b4eb,300,800,565,757,0.16319614528528767,0,2024,6,26,22,26,15,2,1,1
217c0c74-5af5-4008-850c-f130edbd84d3,521,573,488,910,0.2395180045790577,0,2024,6,26,8,27,44,2,1,1
c7faee9f-3368-4300-8d11-c4df8b1bdbe7,544,331,450,577,1.3356349992994803,0,2024,6,16,12,45,55,6,1,1
d014ed15-de31-4a0c-875e-e9bae909a59d,880,697,272,834,1.4707685613911996,1,2024,6,22,2,33,42,5,1,1
888e2b63-dc27-4ae4-a5c5-fe6dd06cd733,875,805,593,192,-0.13357123761552794,0,2024,6,11,5,29,52,1,1,1
ae2cc3dc-19fa-48ed-aed6-8caf7ab2d2bb,590,325,50,232,0.891484952984158,1,2024,6,19,18,50,15,2,1,1
6b8bd593-9e2d-46f8-9fc7-82e79faeed6c,817,393,761,686,1.7268611285862754,1,2024,6,7,17,55,0,4,1,1
44fc1c04-fca9-4e42-971b-d53314b194d0,414,320,771,415,0.29068011226439755,0,2024,6,6,16,1,23,3,1,1
f1b151a2-f553-423a-ac39-8d1ae6cf439d,777,575,921,388,-1.7220791253901035,1,2024,6,20,8,9,34,3,1,1
b12ee8cb-a3b0-408e-bdff-c019ac47acca,476,783,419,256,0.4949803593410963,0,2024,6,14,0,34,38,4,1,1
ad7ab3e6-bcd6-4316-a002-446e8bf6f994,71,470,330,952,1.62665038806009,0,2024,6,11,21,57,32,1,1,1
3a53bf10-71fe-4e4d-83a0-0d2978a49131,585,914,112,272,1.5535527095010844,1,2024,6,4,12,5,1,1,1,1
9b762346-ab45-414c-8e7d-5d16e86206f5,633,306,541,650,0.8920211558277364,1,2024,6,11,14,50,47,1,1,1
110b5b5d-21f1-4766-9a42-4f9480fddcda,818,69,559,850,-0.08144117934242927,0,2024,6,11,1,26,47,1,1,1
2f6b21f4-992c-43ad-98e0-8ee182afcc02,870,54,82,635,-1.4760246932472145,0,2024,7,2,5,56,20,1,1,1
8d55f78a-52cf-4162-bb01-1296e4216763,390,629,784,219,-1.3982752809283334,0,2024,6,30,15,35,11,6,1,1
2858d7e6-f005-4505-ba99-752254d39fee,577,516,608,954,-0.33066408283373633,1,2024,6,30,18,30,20,6,1,1
85c3c097-73a7-42bd-a6d2-2fb1a9eec036,795,144,271,883,1.2770287248636798,1,2024,6,13,19,26,27,3,1,1
ccea31e6-a7ed-4495-823f-9d569f8d7798,85,885,539,127,0.5994772407792631,0,2024,6,14,18,48,26,4,1,1
7ad71118-7621-4689-a75b-ea514a9881b9,373,967,186,287,0.7164495429222465,0,2024,6,27,19,28,8,3,1,1
98558f9f-46e3-47ae-a009-2812a33a76bd,307,116,622,109,-0.7398147071772987,0,2024,6,30,5,26,16,6,1,1
d7bd1ae2-5e00-4524-b911-5dec2dd5150d,969,891,763,213,1.0836579630207017,0,2024,6,17,10,20,45,0,1,1
13c053af-c39e-4527-9b41-05921007bc86,457,422,296,722,-0.04390698029193476,1,2024,6,26,6,35,0,2,1,1
f789f231-47e3-41f0-8977-fee3396026bb,74,334,970,858,0.5705814784490171,0,2024,6,23,20,2,41,6,1,1
5182e6aa-9323-4fbd-b778-e887dde8a292,679,4,707,86,0.08869528655769703,1,2024,7,2,13,7,51,1,1,1
57fc4a75-256c-451a-95c1-8b6a1fe6a39f,193,211,702,613,0.7833251793937538,1,2024,6,18,21,3,26,1,1,1
a599caf5-90e3-465e-b0b3-86db7b12facf,941,822,132,266,-0.011101115407541481,0,2024,6,26,20,59,2,2,1,1
1907bd32-0232-4bef-b844-ccf153a42c1a,353,853,986,873,-0.14139144272382206,1,2024,6,4,21,28,11,1,1,1
526b4d4c-37af-4d8e-9ba3-aaa8f3cf7898,483,682,961,67,1.7053259689269704,1,2024,6,22,16,37,9,5,1,1
9b5fd63a-f9c7-4467-b8e6-573a6b56f232,583,591,122,685,-0.2482524912450395,1,2024,6,6,19,42,53,3,1,1
3e1c1e25-dcfa-49e9-aede-0bc4800d212d,169,778,976,606,-1.0803418130527538,1,2024,6,10,14,51,59,0,1,1
353a4f1e-a115-4021-a341-7234b328c2ad,6,133,124,958,-1.5627084984013064,1,2024,6,28,15,53,21,4,1,1
7adee246-8271-47f9-84c2-8a607e9128bd,184,147,147,731,-1.459008957555214,0,2024,6,4,5,43,32,1,1,1
4c577f9c-eb9c-4d27-9ef1-96aa16a81cbd,121,786,65,622,-1.550421096875407,0,2024,6,6,10,48,10,3,1,1
3902cad7-579a-4325-906e-deb621866200,288,790,458,161,-1.14925432396253,1,2024,6,16,7,22,57,6,1,1
dd816a16-e416-449e-8ff4-6bfd4d75ee44,381,348,944,579,-0.3518197222985605,0,2024,6,22,3,41,54,5,1,1
35d092bb-ef88-4db5-9c17-9d7f7bf36438,329,804,444,31,0.8456848737346029,0,2024,6,12,3,19,4,2,1,1
2eb69453-d2f1-4eb6-a622-2fb01e7d2d50,722,533,17,3,0.3605675374352255,0,2024,6,6,5,3,38,3,1,1
b934ce5d-621e-4b05-a8a7-b68f57b1d785,224,866,902,944,-0.0983907601381443,1,2024,6,7,4,18,1,4,1,1
7955e217-102f-41e1-985f-4a3dfb1abaee,816,846,195,98,1.7388421284872728,1,2024,7,1,1,20,13,0,1,1
f2f9e5a1-9663-4cde-91e8-6f1496fc9571,282,562,785,223,1.291962322241006,0,2024,6,15,14,49,15,5,1,1
fc15ecae-50c5-4e19-b3b9-f3eca19ba175,259,927,725,350,1.1401263897554808,1,2024,6,14,7,14,21,4,1,1
8d05842c-b5d4-457d-9590-533482144e0a,806,346,836,489,0.479249421371696,1,2024,6,25,2,37,10,1,1,1
f1333afe-e2e0-40e3-9b19-c6ca89477fdb,597,695,315,797,0.47612621389968357,0,2024,6,20,5,17,53,3,1,1
c4705f3d-0530-4fe5-8ec8-ca409d7954bf,437,725,52,976,-0.7043104188917799,0,2024,6,4,11,45,33,1,1,1
ceaeed92-ffdd-4c8e-be39-88309fd7e995,53,310,286,28,-1.5969210252909316,1,2024,6,7,2,12,53,4,1,1
d6c480fd-f9f4-4ce8-bcf4-16b7776c88ac,67,158,649,745,1.2995736171505028,0,2024,6,19,11,33,50,2,1,1
cdd26a41-f7cc-48c2-a798-f4bf2462e482,761,329,266,863,-0.011905419672909359,0,2024,6,4,22,38,22,1,1,1
bcb4189d-7986-4821-a318-40c3f599323c,352,48,191,46,-0.017476358307491092,1,2024,6,14,18,48,44,4,1,1
2b7f385d-da30-4822-8aa4-ee56dce8006b,682,400,486,661,-0.1963034884775649,1,2024,7,2,17,0,29,1,1,1
6329ef96-d859-4a93-8f76-a2c238e1fa61,753,910,956,315,-0.9837034369259937,1,2024,7,1,12,33,55,0,1,1
08a84e7a-e771-4bde-be26-eab0b7456447,652,547,62,804,-0.646769586469844,1,2024,7,1,11,29,13,0,1,1
564ff043-4110-4f65-ba6d-f9f139a57176,979,836,47,14,0.8161728263179061,1,2024,7,1,10,5,26,0,1,1
e2f329e3-aa97-446e-85f6-9e1d1a5b0537,792,781,614,918,0.5857692499015456,0,2024,6,6,16,51,6,3,1,1
0bf732ad-3afe-4bd2-beed-26f0b54b17dc,92,420,594,719,-1.1757859192097255,1,2024,6,24,21,30,42,0,1,1
fad27c17-8e1b-4711-8b02-7eaf144a1cee,945,852,823,582,-1.7150144788341246,0,2024,6,21,3,29,15,4,1,1
065d695f-b1b8-4223-9f05-309bb73b6777,689,994,307,423,-0.8801501332190591,1,2024,6,16,21,11,32,6,1,1
62d0b55c-ec3d-4ee0-8b09-0a766708da18,599,241,473,391,0.5624513898791742,1,2024,6,17,3,23,22,0,1,1
3ced43f9-8f86-498f-b680-008e08cd9594,481,683,981,87,-0.5707158285978633,0,2024,6,14,0,40,21,4,1,1
1ab46de4-9ff4-4cb6-b0db-b1b319af947b,108,723,869,596,-0.7611548839843933,0,2024,6,20,16,32,43,3,1,1
42bddab0-f4b8-4d5c-ab02-e191741c3e09,341,544,796,340,0.6096859858271341,0,2024,6,13,18,47,12,3,1,1
8b42c1fd-c6e5-403a-870f-d7540f920d61,343,138,791,363,-1.051369450316282,0,2024,6,8,19,22,20,5,1,1
912cdea4-199b-4521-90bc-c490f44dcfde,347,383,749,119,1.5413871722578163,1,2024,6,10,7,8,53,0,1,1
b9354c01-a7c2-4c04-af38-83ba303048bb,825,89,170,295,-1.0190197060325954,0,2024,6,17,5,20,10,0,1,1
a1b8c858-81c7-4dd1-8f62-7bcad3da1608,661,585,487,389,-0.5792498102187132,0,2024,6,26,20,5,58,2,1,1
5f4ae5f8-6769-4461-ad93-5e557843cf3a,474,122,742,25,0.8112251364430682,1,2024,6,13,3,11,47,3,1,1
833b1843-74f3-47fe-85d2-c55f4103ee99,144,796,448,996,0.588683547174761,0,2024,6,13,14,17,39,3,1,1
4a2d9e02-db24-48b5-8f04-2d45d4cbd283,468,39,873,330,0.4546606909733109,0,2024,6,13,13,56,58,3,1,1
395f77b8-3ac8-4d57-8508-e37a7ac10143,848,409,93,21,-0.2577683508002344,1,2024,6,7,3,0,23,4,1,1
fbedec34-61c4-4964-9eb7-51d31ec5e074,801,608,951,430,1.2243102361973037,0,2024,6,25,11,18,30,1,1,1
fbc2e673-c0dc-4555-bfb6-f7d4e65dde22,23,491,738,749,-0.6574065974252483,0,2024,6,11,19,53,52,1,1,1
e931743d-a1c8-4551-ba0b-ead8139d22b0,640,743,164,788,-0.8798750681239766,0,2024,6,27,10,21,4,3,1,1
b7326452-4f4c-4eb7-ad37-736b9300f111,994,456,188,374,1.4786131393560202,1,2024,6,8,20,18,44,5,1,1
2da9962a-d0a9-4d33-aa8e-75223a52ec23,299,258,151,433,1.6943442561435513,1,2024,6,8,6,2,13,5,1,1
699a9da8-0c82-4825-b62a-20148afc67d9,508,184,275,446,0.8776481341505157,0,2024,6,17,22,29,9,0,1,1
f30012ec-134b-4a85-a35c-748b685e97e4,95,285,452,288,1.1399871162896165,1,2024,6,12,14,25,32,2,1,1
6e67758f-e544-428c-8143-35ba8fdc58ab,183,271,134,860,0.6183592409138484,1,2024,6,17,11,38,28,0,1,1
c76c01b4-cdab-4d7c-bb14-6c27c8268f52,432,199,1,978,0.18768042058427462,0,2024,6,12,20,42,32,2,1,1
e12504df-9c2f-4210-ab6d-1b9b52608c61,334,117,436,425,-1.707072409443199,1,2024,6,23,20,14,13,6,1,1
f1f56b4a-c232-4c7b-a679-8000e2420555,219,274,365,539,1.5121606354461423,1,2024,6,10,18,31,33,0,1,1
bac8b4ab-3fcb-4990-bbe2-419b0ecd5e39,306,777,127,342,1.1233334916088638,0,2024,6,23,1,13,40,6,1,1
8f09168c-2ed6-4088-b2c4-1ee69d925dc7,653,61,362,533,0.24955265779459793,1,2024,6,22,1,8,59,5,1,1
443f06f4-3eb2-405e-b541-0642b3853ab1,855,354,99,281,-1.419751249364646,0,2024,6,19,4,12,22,2,1,1
1f6e29d8-e7d0-4b91-bf60-c1fd0f74bf29,909,99,441,200,-0.6831895977934219,1,2024,6,21,8,35,25,4,1,1
47588e65-3ac1-48fc-b577-ab8784b42e1a,210,446,295,986,0.6494450784948148,1,2024,6,20,20,3,11,3,1,1
2d861034-69b0-42e5-9606-7351120f5acc,337,734,202,43,-1.037062583535347,1,2024,6,30,10,13,0,6,1,1
1aa9a19e-b652-4882-8970-14897f51054f,511,879,768,465,-1.2218993637574755,0,2024,6,9,2,56,18,6,1,1
7ecbf6e2-12fd-410d-84da-1f84437599fe,165,654,31,777,-1.6067398046343817,1,2024,6,10,14,46,54,0,1,1
5b6b1b8e-7283-4ec9-a5d6-7b98a8d13968,21,839,194,992,-1.0303530843173225,0,2024,6,13,10,27,47,3,1,1
562c1798-2897-4206-93c0-a4127c16c40c,27,264,651,332,-0.471493929679316,1,2024,6,24,1,3,5,0,1,1
6119d583-100b-43f8-8279-344b1a99093c,16,93,429,771,-1.1011074868131572,0,2024,6,30,13,20,20,6,1,1
193d318e-1074-4ce8-95d1-d9ffd455e270,103,510,663,628,-0.3191635763899717,1,2024,6,19,19,57,22,2,1,1
e1c5aea8-8fd4-48cf-a8f8-dd1c93899946,402,102,95,426,-1.6651127960148586,1,2024,6,20,20,40,10,3,1,1
e58c2c31-a0b2-4a77-9a14-427f1d6c0c24,75,461,989,12,-0.9281576969025672,1,2024,6,21,7,51,57,4,1,1
bf925908-a2f0-4891-afa9-5951eefa10bc,564,196,208,40,0.6524847218873083,1,2024,6,8,5,11,46,5,1,1
e27da546-e4e7-48e4-ac8a-be4aa0228a8e,303,186,253,700,1.5079650222869725,1,2024,6,10,8,9,42,0,1,1
e9e095cc-161c-424e-8584-b96c755c1198,243,623,83,214,0.6816276946194639,0,2024,7,1,8,27,58,0,1,1
65ba4ce4-873a-432e-acf7-d6543d784546,139,169,94,693,-0.01445760593487709,0,2024,7,3,15,18,20,2,1,1
da018066-a1e2-46c9-ba1d-20c60b3694f5,502,957,211,148,-0.7232481284127111,0,2024,6,30,19,39,28,6,1,1
02778d52-6da3-4548-8fa8-7386f6f113dc,762,0,641,752,-1.6821946866031448,0,2024,6,15,10,6,54,5,1,1
74744cb9-1e79-422f-aca5-9e8343483e64,800,506,747,218,0.7607106503739983,0,2024,6,5,10,45,7,2,1,1
2176ff0a-f24a-42bb-acb9-2af254c156bd,874,848,355,791,-1.7178243210079416,0,2024,6,9,10,5,58,6,1,1
953073a1-a923-4a29-abb8-fe91c3040c87,557,527,78,851,-0.8934437855358297,1,2024,6,28,1,10,56,4,1,1
eaf6a522-f685-439d-8b5d-a163cef1c8b9,920,19,247,584,0.44656193893328766,1,2024,6,9,7,3,35,6,1,1
d1af9034-03b6-418a-8530-5af83d0eec5c,527,883,843,485,0.6817286678822156,1,2024,6,8,23,43,52,5,1,1
fa63ac91-fd6b-4d4f-ba6b-626dd8871a5d,272,735,937,291,0.7327306110818117,1,2024,6,29,17,51,9,5,1,1
8dbac333-ee66-4fc0-a6e2-bd66535d7885,867,679,104,795,-1.3436696367994925,1,2024,6,14,3,33,16,4,1,1
31bd906c-d606-4965-9e08-0a39e430c664,957,749,697,945,-1.1055886105773487,0,2024,6,7,18,30,55,4,1,1
48a86b6c-827b-4ad5-bb1a-21d744d7b193,304,338,453,730,0.6192227364022088,0,2024,7,2,3,31,27,1,1,1
1406e1d2-7f3c-4da3-a9de-24b3d9ce1735,398,474,959,673,1.4122110326684523,0,2024,6,7,0,38,17,4,1,1
52846837-9539-42f8-a37a-708f895af182,716,674,717,776,-0.43124389804446306,1,2024,6,30,11,49,34,6,1,1
455daed3-3fe8-4fec-acfc-407bfff25290,834,861,764,565,-0.9936788989185417,0,2024,6,5,4,56,22,2,1,1
cf770c4b-50e0-4432-ac0c-7ef110bd43e2,326,319,813,110,-0.49938692305533733,0,2024,6,23,23,2,56,6,1,1
5d35b69a-1929-454d-952b-e569a18878d6,927,328,149,594,-1.2847221423723247,1,2024,6,5,2,3,27,2,1,1
2582cdeb-507c-4a61-b102-38f5e4c10d7d,531,281,611,134,-1.284743033392204,1,2024,6,28,7,8,8,4,1,1
999b861e-3ee9-4d3e-8fc4-085c6b05e467,954,855,746,178,-1.464064584366097,0,2024,7,3,4,6,27,2,1,1
6140dc16-7d90-4ad0-b306-0d13d110f705,59,124,864,692,1.72459445292933,1,2024,6,20,22,31,26,3,1,1
2d774952-2b31-4aa3-be86-7a76daaf6118,725,286,57,644,0.4531008281556282,1,2024,6,14,16,5,56,4,1,1
18b08451-8597-42ad-9577-cee8b90ee5df,838,552,224,444,1.250834867771206,0,2024,6,29,21,19,44,5,1,1
fcebcc26-b2e3-4b6a-82ea-4454778b1a1f,354,213,860,665,1.712439361196002,1,2024,6,25,18,19,1,1,1,1
f0120e61-a474-4053-bb6e-34806d8df3e2,479,951,714,81,0.08589240805717303,0,2024,6,16,16,48,49,6,1,1
7cace4f3-19f6-4879-9fb2-1e6819aa5b81,750,880,878,323,1.196215296295779,1,2024,6,7,3,33,36,4,1,1
fd6cf17d-f2f0-4f10-bb04-27c0f301e029,592,481,880,669,-0.576655841916986,0,2024,6,17,18,54,14,0,1,1
2f33ac59-71ad-4c9d-9bb0-9e7b9d826598,780,222,624,916,-0.29850235772896666,1,2024,6,11,15,1,6,1,1,1
5eb2264a-8af3-4b44-9caf-cbfd66859f3a,360,484,613,38,0.997559106423241,1,2024,6,19,11,34,34,2,1,1
7a4b161d-96d6-4198-92ba-4e78aeda4c54,641,149,607,929,1.0253232718433376,0,2024,6,7,7,7,26,4,1,1
6acdeeed-08b2-4546-939d-b140c824a383,549,835,538,723,-0.6568007578487376,0,2024,6,25,12,29,25,1,1,1
8880e38a-e352-436b-83d5-b4c3f8321451,462,3,349,408,0.9979490721276617,0,2024,6,13,12,52,13,3,1,1
f282f579-71c8-4f5e-b426-c0ff5a437552,603,52,91,591,-0.14704594543792243,0,2024,6,6,14,31,55,3,1,1
51cc7bcb-f8b9-459c-8cde-c34fe12c8711,52,193,500,486,1.4644281368577166,1,2024,6,26,20,42,20,2,1,1
01d8be9f-0eb7-43d8-8155-129b3539b423,882,449,846,273,-1.6317881374701202,0,2024,7,1,14,22,42,0,1,1
184f3d88-22bd-4067-b51a-a1a653fe999d,258,631,38,563,-1.0248483005790265,0,2024,7,2,18,0,54,1,1,1
e4b7de32-ea20-4dce-9cf6-c8abd8a064a0,147,327,335,588,1.3037796758196127,0,2024,6,20,18,43,50,3,1,1
629431e3-a075-4869-a4ba-9ebc329ec21b,20,736,900,37,-1.552043632752729,1,2024,7,3,2,21,18,2,1,1
c708040a-bad0-45b2-952f-a0aa27a7ce7e,180,375,908,864,-1.4258583908428062,1,2024,6,30,18,29,5,6,1,1
e4164780-608c-4fc0-b4e8-f260ab171a34,782,386,729,520,1.4886860927746735,1,2024,7,1,7,43,50,0,1,1
8185f14c-4985-4195-9c92-8d5258f8550a,181,626,468,268,-0.9742711414503176,0,2024,6,29,1,18,12,5,1,1
ffe4750b-58a0-45ab-8d78-2ed43d82eb5b,123,528,597,806,0.9603661273641144,1,2024,6,27,16,30,59,3,1,1
32aa9393-8957-4f65-93b0-4b89395aed98,865,216,817,58,0.7018014561499432,1,2024,6,15,12,4,27,5,1,1
e3634117-4a60-48cb-afbc-e418ec35e7f8,208,299,805,800,1.2075138562140397,1,2024,6,25,0,32,33,1,1,1
8315a80c-fd49-4668-99ce-2df0b2fe52b1,638,191,654,885,-0.9506886618428038,0,2024,6,26,10,24,26,2,1,1
9fed3529-475d-4950-8184-a01a9d4cf6f5,198,841,440,183,-1.501529146683659,1,2024,7,2,20,14,19,1,1,1
5cdb54a3-82b6-49cb-81fd-ec51d44e152f,296,871,181,564,-0.4905152032797661,1,2024,6,28,22,45,26,4,1,1
e961c77b-1ff1-440c-a2c1-1bf18b574098,807,411,688,672,1.2994587165411646,0,2024,6,14,21,31,13,4,1,1
4ede910b-3547-4532-9347-4424f74ad8ac,29,300,516,402,-1.1076289668522645,1,2024,6,25,18,53,42,1,1,1
7d3a4934-f221-4f11-899c-97e005577bef,3,577,992,843,1.5921036048523902,1,2024,6,11,23,56,23,1,1,1
9d9fc956-6a47-49b1-9c7f-7d5491cf994b,438,645,33,140,0.7802541994714404,0,2024,7,2,13,2,2,1,1,1
3a85534c-6f35-44ac-b3ff-f9a98fe3e8c3,989,473,841,461,-0.8521631302535791,1,2024,6,29,21,43,13,5,1,1
4fe49682-e830-4eda-a04e-59cd146fd5dd,433,125,103,748,-0.07651089865082447,1,2024,6,24,0,6,24,0,1,1
98b3743f-5cdc-4df2-87e4-7316d54405da,687,431,177,162,1.5005835285961522,1,2024,6,12,2,29,43,2,1,1
987dc0c0-9dcb-4d4c-801d-08ab83fd4022,584,427,361,756,-1.6009529921277101,1,2024,7,1,9,8,23,0,1,1
8b2b3920-fa7b-43ca-b961-124d9ec7263f,711,269,893,317,0.2648344388365851,0,2024,7,2,9,1,44,1,1,1
13862155-c0d0-4194-a221-2c2966dd4e4c,379,831,63,302,0.7525944891507422,0,2024,6,19,6,30,57,2,1,1
d6a35903-f16d-454c-b7a2-20c3c2612dfe,772,771,527,242,1.491934646365964,1,2024,6,24,2,39,25,0,1,1
c1e6299b-e1ec-49c6-a289-8d4c64157ce1,697,944,167,879,1.166630130309503,0,2024,6,24,7,6,6,0,1,1
17d3dff7-b84a-4044-b6f5-e04ed9dd2253,271,114,292,449,-0.4852994119831389,0,2024,7,1,20,59,56,0,1,1
a82d1b27-8089-46b2-8732-b08d51a0ded9,142,650,67,803,0.7319994253860227,0,2024,6,21,15,55,3,4,1,1
4b879802-9676-477b-afd7-bad5ef063806,737,758,86,875,0.19713708891647705,0,2024,6,22,4,36,58,5,1,1
2130cb79-1fc4-4a81-bc68-c2f01ccdcbfe,811,797,260,991,-0.10693518726893401,0,2024,7,3,0,37,19,2,1,1
23d83b87-d3df-4afe-8ada-b719cbe955cf,841,51,36,827,0.7151717088729392,0,2024,6,25,19,26,26,1,1,1
a9924fc3-e1b6-4226-935b-91ac3ecd348a,122,146,847,823,0.20899970637148943,1,2024,6,23,13,11,57,6,1,1
a20d0827-86c1-4a5a-b56a-691e895e7a38,554,933,10,227,-0.2548018259773195,0,2024,6,14,0,37,6,4,1,1
506357f4-0a4f-4c15-8831-e64a40cb4da4,542,475,957,662,1.704977785262309,0,2024,7,3,11,40,51,2,1,1
95929998-e56f-4030-993e-cbb983584909,38,597,324,645,0.7600421377378485,0,2024,6,7,22,13,33,4,1,1
9cdb29ba-3a81-4cc3-8857-cefc7be8f06b,145,572,79,475,-1.3712214101841458,0,2024,6,15,9,23,1,5,1,1
87b8e817-56c9-4430-bfd2-6bd32a08a8e6,643,209,64,705,-1.2269480268950654,1,2024,7,2,17,22,46,1,1,1
546c1092-a245-46e9-8eae-33aa0a116203,967,507,135,981,0.7409512274044662,0,2024,6,15,22,7,40,5,1,1
1ed46e99-2d3c-4be8-b26f-fafbb1d3da87,570,100,648,774,-0.39599726567079374,0,2024,6,6,18,52,33,3,1,1
54595f49-bc66-41c8-a276-0b1b732e6d43,195,872,658,928,0.8301524004540598,1,2024,6,12,13,12,30,2,1,1
b8c65090-28d6-4451-96a3-b38bcf51129e,322,12,381,629,0.4915054863677758,1,2024,6,15,15,13,37,5,1,1
01698dec-f66c-465f-9aaa-b663a9f7c481,404,587,972,607,-0.2321489967544517,1,2024,6,10,0,31,49,0,1,1
76f38281-6ab5-4749-98d0-d2c9a002e295,164,615,833,406,0.6508552223366934,0,2024,6,12,16,3,57,2,1,1
fa6ac46e-7f28-4212-819a-79036a0ac295,754,867,827,626,-0.07074497716403225,0,2024,6,6,15,25,57,3,1,1
196cc76d-93af-4c27-834d-291c89181205,851,455,392,267,1.3702409737301724,0,2024,6,15,0,50,12,5,1,1
3da29f64-2197-4a5a-b908-dec95cba159b,913,107,612,545,0.800549825284551,1,2024,6,27,19,5,43,3,1,1
12750876-87d5-4213-b492-702c37954e95,162,874,643,711,0.8152884398096663,0,2024,7,2,9,36,42,1,1,1
31cdc68c-f270-4a52-af80-25b5d860744a,234,243,545,356,1.6941249004348145,0,2024,6,20,1,39,59,3,1,1
a18773ef-676b-41ad-b1df-7b82ab186e99,114,801,879,900,0.8152466577699069,1,2024,6,18,8,21,35,1,1,1
9e3934bb-e129-4e37-a232-524e51628622,12,362,393,957,-1.6439641202233275,1,2024,6,26,4,16,52,2,1,1
8c8dc800-2507-468a-95bd-1c733430fc8c,62,493,437,401,0.8070260414472523,0,2024,6,20,2,6,42,3,1,1
b9b7cd54-afb9-4a06-8d51-dbd979bc0410,220,494,416,989,-1.4920724783514567,0,2024,6,20,11,54,36,3,1,1
1f432493-4803-4121-af4e-7f02daf0795b,408,614,995,222,1.2864679840126496,0,2024,6,30,8,49,57,6,1,1
eee46282-e36c-47c1-b856-34f7d9e172a6,621,458,913,73,1.3608191237644363,0,2024,6,18,3,28,27,1,1,1
ead63648-172c-4582-a42e-7c98176014cd,396,142,803,345,-0.29082838975983033,1,2024,6,6,1,57,35,3,1,1
e3db69bf-5ceb-4fe7-b2e9-d2c2eeb6d045,760,688,662,965,1.6152508548790774,1,2024,6,22,7,57,50,5,1,1
e5516d7f-760f-47ce-80be-df02dd3d78b2,565,121,158,570,-0.6682594822527429,1,2024,6,16,0,52,34,6,1,1
d7879109-4acb-4ac1-b4b7-f922a2697f16,488,519,178,196,-0.16673224983787563,0,2024,6,26,12,53,17,2,1,1
dc971693-63b2-4d96-a489-b48741b7e9ba,137,173,23,460,-0.8174875190899545,1,2024,6,12,22,36,50,2,1,1
9c9efb2b-680a-4f2e-b18e-065ece0522f0,556,672,41,743,1.5009491214440462,0,2024,6,10,14,29,3,0,1,1
fc149cfa-7d64-4a5d-a429-039d6bfc3462,843,616,118,831,-1.2343643389523524,0,2024,6,6,8,51,19,3,1,1
70f9bc61-ddd1-415a-8fc7-0405c2818169,204,628,849,726,-1.0790047877804543,0,2024,6,12,9,24,49,2,1,1
e11ea6f4-8b9c-40ed-b134-0e6bb0402925,916,417,993,326,-0.37849407284826725,1,2024,6,10,22,7,19,0,1,1
68144d10-c0be-491c-bedc-6e5aa5c9a0d6,469,505,883,400,-0.015773740187296936,1,2024,6,23,7,9,27,6,1,1
738235d3-acce-4125-850e-e39e0c366e8e,627,568,960,666,0.7641019592678001,1,2024,6,16,12,11,59,6,1,1
4ca74b90-f44c-4ff5-bc54-b3b5d7522ff1,803,765,220,297,-1.4733854610690815,1,2024,6,22,11,19,14,5,1,1
c286b0fb-fe5e-4a06-8ee8-a540623e82fe,580,906,317,422,1.5924030428039986,1,2024,6,17,13,33,50,0,1,1
01b5122b-8476-427b-a23f-369a9397fd08,631,613,523,205,0.9777822742704758,0,2024,7,2,0,25,1,1,1,1
e17a1678-338c-4972-9bc5-92703f878c34,911,253,403,956,1.100910463604672,1,2024,7,1,1,10,0,0,1,1
a43c4cae-25b9-4c02-a6f7-e4ab79c2aea2,960,30,216,456,-1.1091888296699473,1,2024,6,4,12,39,0,1,1,1
7e81a82f-eba3-4f30-bf1a-12ba10bd6f4d,364,978,580,177,0.7563479090557915,1,2024,6,11,6,38,20,1,1,1
2287a1e5-2235-4ea8-8dda-5e0bd4f74154,902,788,854,970,0.03209455003034647,0,2024,6,12,12,25,27,2,1,1
e7d03271-2849-44ed-997a-a1e10448cfe9,399,297,413,336,-0.5830763486933415,0,2024,6,8,0,40,30,5,1,1
8e8419ce-29e4-44ab-a099-7a4d3ad60520,415,289,102,724,0.34598560555920777,0,2024,6,7,5,6,53,4,1,1
1c5f1305-13be-4920-b63b-4fe8028615ab,767,405,152,319,-1.6906346586345364,1,2024,6,9,16,15,32,6,1,1
8026f034-f833-451d-b863-868210b7b128,305,827,499,691,-1.2401267786024979,0,2024,6,18,6,39,49,1,1,1
a8db1c55-a174-494c-ba91-3dc3238830be,33,766,521,453,-0.4817688296234726,0,2024,6,14,1,9,33,4,1,1
552eaa8a-523a-414a-882a-c4d5700eb40a,525,759,890,414,-0.38941659440869403,0,2024,6,14,1,27,34,4,1,1
0189e0de-e326-49e8-9edc-35e769e2e794,428,321,819,560,-0.4593841018223939,0,2024,6,6,20,42,45,3,1,1
66ff3337-cc40-4716-8f9a-15390650ec94,591,53,882,457,-0.14590738485447965,1,2024,6,29,18,58,45,5,1,1
ac2fb257-4ca8-4879-94b3-32b5b0641a02,97,774,928,163,-1.0002769793638744,1,2024,6,27,9,41,9,3,1,1
c800030a-2364-4212-944d-eaff7b40d624,922,813,670,30,-0.2055303555910909,0,2024,6,7,22,3,38,4,1,1
92e0a9e0-3b1f-4dd8-a29f-ee5ddcfb71ef,431,881,145,930,-1.6156115244099534,0,2024,6,19,3,53,24,2,1,1
e21195ef-094b-489a-9771-8ba4a5361222,441,803,693,876,0.2839462401898468,0,2024,6,24,20,19,56,0,1,1
a41946ca-5afc-48c7-bcf3-c5a39955cb4d,42,538,175,215,1.0577287255133703,1,2024,6,15,20,47,52,5,1,1
20212d83-e929-4270-ae76-5121b246a9b5,634,943,172,833,0.5578518836689977,0,2024,6,4,19,10,9,1,1,1
7108620e-ebd7-40e8-801e-f4962a2f707e,877,668,744,45,0.42648566882891376,1,2024,6,14,19,2,24,4,1,1
4a4083c1-99e7-440a-9a2a-4707feedd0eb,380,447,567,923,-0.16295097523965307,0,2024,6,21,20,41,28,4,1,1
a1851f4d-e2e5-466b-acd0-bdff5b87bc65,143,28,388,638,1.5540993578546025,0,2024,6,29,11,33,58,5,1,1
aaf20b85-b16e-40c1-ab65-6da68e17027e,362,707,212,468,1.6646581168945238,0,2024,6,9,4,8,54,6,1,1
ce791713-1a83-4f8c-a60d-475b85da7e55,622,136,382,246,1.5121292989163226,0,2024,6,7,13,27,6,4,1,1
dbe49e16-c321-4b92-9172-7135a1c73211,862,465,16,825,1.5097268316301595,0,2024,6,21,1,12,27,4,1,1
7ed51ae8-c6b8-47bf-8b37-a559206cb914,799,968,492,637,-1.5283044704961177,0,2024,6,30,14,46,48,6,1,1
da89007b-5125-43db-89b5-1bea0d249d8d,524,678,740,160,-0.6034033110362717,0,2024,6,21,10,23,36,4,1,1
b463e65f-8918-4c2a-aea3-61e9342db311,635,579,347,931,-0.9886476449641851,0,2024,6,12,17,25,41,2,1,1
4a5ad609-19d2-494d-a112-4716cf929ec1,434,355,328,371,0.6690896008550087,0,2024,6,12,16,15,26,2,1,1
6841858e-1e71-4d62-9f10-716bbe85f876,289,939,710,107,0.887602705123184,1,2024,7,1,0,53,50,0,1,1
fe544c1d-42d2-4006-94a9-de7d64dbe9ee,287,238,719,766,-1.212237267063123,1,2024,6,20,2,49,22,3,1,1
1e88e060-2feb-4448-a781-004d0c7982bf,569,410,498,893,0.5730118004283532,0,2024,6,28,5,21,42,4,1,1
d1a9ff58-9dbd-42f0-9d42-7038c32e2c1e,25,483,599,191,0.7123200846593628,1,2024,6,30,3,54,27,6,1,1
330e318e-926a-44a5-9fdb-b2f8b9eda060,886,206,623,277,-1.1366187387719693,0,2024,6,8,16,53,44,5,1,1
0c60a620-5254-42b5-85ea-ff91f8ccd081,955,502,148,610,-0.28283757465585224,0,2024,6,12,17,39,16,2,1,1
87085d06-5b6a-42cb-a707-a2a0a5ff621b,718,326,331,968,-0.7561166663567435,1,2024,6,12,4,45,11,2,1,1
a0816006-2c0e-4023-8015-d6117e547131,899,755,745,85,0.13450929315383856,1,2024,6,13,18,8,10,3,1,1
b74011ba-90e9-4cad-b9e5-154a0f93306f,278,897,529,0,0.09254619788885148,0,2024,6,5,14,48,44,2,1,1
1dbffd60-58bc-4e2a-8a00-fe07ac445aca,895,751,116,600,0.7928340752756553,0,2024,6,8,22,23,43,5,1,1
db14e23a-d12f-44ad-a638-0d5047abb18a,419,987,780,48,1.458087712324233,1,2024,6,4,0,38,7,1,1,1
cfc35928-0a0b-4986-bfdf-52c4216233a9,664,31,386,741,0.7400146133465273,0,2024,6,22,10,3,43,5,1,1
a439e90a-2913-4ce0-aef7-62c7f269528f,475,633,629,922,-1.2842068305486256,1,2024,7,1,4,36,0,0,1,1
908ac8ac-b927-4161-bd7e-ed09fcb5f3f1,931,120,310,143,-0.17317712947075745,1,2024,6,25,7,43,23,1,1,1
bb802302-2be4-4dee-8ecb-31fd60dda049,246,647,73,50,-0.6956267182951256,0,2024,6,14,15,3,22,4,1,1
df6d803a-99c7-440d-8df1-55e67e8eeb20,669,22,659,501,1.2174614635134147,0,2024,6,25,6,59,11,1,1,1
6261f0a5-0a69-436d-bfc9-d3d519421143,921,752,916,559,0.7203457181298072,0,2024,6,16,17,46,5,6,1,1
7fcafcbb-798c-4166-806c-c22f9998a130,789,768,769,612,0.2292291772883145,0,2024,7,2,20,6,49,1,1,1
d32ac054-7e08-40ca-b292-9fa16667f420,888,619,368,578,0.02841076685822932,0,2024,6,24,0,18,57,0,1,1
f6426bb8-1171-487b-8512-4fd693c1e074,713,603,793,132,-0.8083546615658871,1,2024,6,8,19,13,28,5,1,1
e8a81e0f-2856-4a21-8953-def574b054d5,671,270,994,518,-1.4394897813142984,0,2024,6,18,12,3,47,1,1,1
6aad526d-be9f-4142-8090-1b90973a6a59,237,357,568,90,-1.5641464969363579,0,2024,6,25,11,57,15,1,1,1
da68138d-32e5-4177-8479-e2cbd838ea19,138,197,232,785,1.7052041046443394,0,2024,6,27,16,50,18,3,1,1
4f6172a9-d9ab-4f4f-b2bb-2bec3e24f1ad,119,356,943,471,-0.6168501641654933,0,2024,6,13,15,15,18,3,1,1
0eafedbd-582d-45e8-b855-10c5e53b77be,72,194,842,72,-0.7045541474570428,1,2024,6,18,4,26,52,1,1,1
00b8767b-11e3-473d-8226-3df87364c0f0,926,176,5,659,-1.0847707092672463,1,2024,6,7,10,52,20,4,1,1
d8380db0-f32b-423d-aab9-363f591c2dbc,397,414,617,814,-0.5467816834890415,1,2024,6,16,12,48,22,6,1,1
1079071e-0179-450e-893d-707da9e0441c,391,554,709,258,1.3302137796407023,0,2024,6,18,10,24,15,1,1,1
ff30da6a-f109-48c4-8a40-315546c0d692,377,365,537,303,-1.376022862919826,0,2024,6,22,16,46,11,5,1,1
137d88b2-daa4-43fb-88ef-1bdaeaae701d,426,247,862,975,-0.6441791000047634,1,2024,6,29,1,49,52,5,1,1
9011b4f6-ca69-40dd-84f8-6f67c9ad5d5d,959,266,671,507,1.5983778744895876,0,2024,6,18,0,25,27,1,1,1
2ecfa27e-38b8-4417-89d7-92d3d3ca772c,453,7,20,849,1.6313125673299054,1,2024,7,3,17,32,25,2,1,1
d3d82484-f425-47d7-8d31-bbcdaf34756d,19,971,660,932,0.16564735828450394,1,2024,6,25,9,0,4,1,1,1
556e1d60-ac24-471e-addb-51bab96920c2,344,750,657,324,-0.015216646323838953,1,2024,6,23,13,46,59,6,1,1
c804c64a-937e-4223-974b-4e724200784a,873,283,792,537,-1.4903698602312627,1,2024,6,29,12,33,5,5,1,1
43b477c4-f0d2-477e-bd79-79390b59dedc,984,219,775,47,-0.37562503945145753,0,2024,6,12,18,47,18,2,1,1
d781ccac-a87b-45f1-8131-f478277a398b,787,775,737,377,0.9445794800083684,0,2024,6,9,19,35,37,6,1,1
a1885bb4-b735-4c85-b929-43aa8d43ef67,58,137,618,443,0.8700089845478453,1,2024,7,2,23,4,31,1,1,1
80c07785-5820-4ea1-84a2-cdedaab5a106,128,912,0,80,-0.9149963543783679,1,2024,6,29,4,20,33,5,1,1
ef708dca-1342-4c22-acf5-7a32f6fa5f56,721,476,40,826,0.12275113079822432,0,2024,6,12,17,14,18,2,1,1
109e7a7a-102a-4c52-aa2e-53b34a567305,34,172,294,249,-0.30206427661845253,1,2024,6,18,13,0,56,1,1,1
aa8ad071-8864-4abe-8d53-2c7dd68579bf,699,785,510,701,-1.1367963124409464,0,2024,6,21,11,13,42,4,1,1
97bc0bd1-d8a6-435e-aae7-a74f1f837812,982,722,759,452,0.9019409084339385,0,2024,6,7,22,57,8,4,1,1
ee8d12f4-8505-46c0-bed5-c181536e9e16,552,844,369,270,-0.6627129164746874,0,2024,7,1,21,25,8,0,1,1
cf5859ea-cce0-42db-9fc2-46c85f419390,26,332,575,26,0.31271317456416825,1,2024,6,7,8,22,15,4,1,1
4ced35d5-30a3-43e1-8304-777486004eb8,500,74,964,111,-0.8062028865182798,0,2024,6,7,8,9,57,4,1,1
1103cdae-9b4f-4306-bd99-b58c6716a1db,496,101,530,856,0.5423751197748004,1,2024,6,11,15,55,15,1,1,1
39e951b1-50ea-461e-970d-b9a7d0826af3,273,126,461,176,0.6718367699691865,1,2024,6,13,10,58,23,3,1,1
c15887c8-ffe9-4db4-95a8-8e0353cd1b5a,84,79,639,878,-1.1338924606776706,0,2024,6,4,6,40,39,1,1,1
6537d286-1a9f-4c62-9176-013cb189a031,212,457,720,808,-0.2710515576070651,0,2024,6,16,4,4,0,6,1,1
16ea5f36-54f9-4450-8d00-e5c69d277f40,810,536,507,497,0.7574829878025877,1,2024,7,2,16,52,11,1,1,1
8f60dae6-c684-4030-99e0-7ba36f04a8a1,788,207,268,126,1.1649901852489484,1,2024,6,30,2,47,52,6,1,1
c0177571-8b24-4883-ab21-1b12907fa33f,372,665,269,993,-1.0420973193263503,0,2024,6,9,12,28,19,6,1,1
a6af47a6-cbc0-4670-be4f-73c484dded50,618,394,734,615,1.567549692820471,1,2024,6,15,7,6,55,5,1,1
f6dea3ea-9634-4a01-a6d0-8e038dc86150,324,301,696,611,-0.29863118568489133,1,2024,6,14,16,24,42,4,1,1
66c502c8-8319-49ff-88b2-5cb166df39ef,94,178,587,434,1.267391001025854,0,2024,6,16,12,24,11,6,1,1
9558ec76-6c38-4d0f-a9f6-5e7b2fccc63d,284,85,922,63,0.6328959089134601,0,2024,6,28,23,43,28,4,1,1
6fd16bc6-549d-40e8-8997-a02f94c1e530,315,636,376,742,0.956901699900734,0,2024,6,7,5,53,57,4,1,1
52e66702-0376-4cef-b7cc-e02f8e06b262,833,648,417,24,0.4271332904451841,0,2024,6,14,8,31,18,4,1,1
fcfc3341-21a1-4a7c-81af-dfa2cc90f448,430,947,583,106,0.2271957846866921,1,2024,6,15,13,35,40,5,1,1
2dfecdf2-71f7-4ece-bf55-e8bd94fdac59,331,670,185,91,-0.28431039155736965,1,2024,6,23,22,34,32,6,1,1
0aba3232-e162-4ce2-8f9a-718f17102b53,574,42,936,154,-1.429392455039119,0,2024,6,10,22,6,51,0,1,1
5e4e4967-f841-4e6c-88fc-a581ebf204a0,36,84,442,88,-0.8157605281132342,0,2024,6,17,13,39,23,0,1,1
0c5adb0a-6587-49cc-a2c9-dc3f940c4740,662,267,818,830,-0.9335301708482919,1,2024,6,10,5,22,47,0,1,1
c7c9b007-fe96-4e0e-abcd-1f43c6aa59b8,385,922,906,454,-0.9225902401046321,0,2024,6,9,18,7,43,6,1,1
90505910-4556-4f43-a1df-effeb92640a8,274,946,56,1,-0.7062950657803496,0,2024,6,26,7,47,57,2,1,1
5e407f1b-ce49-48de-a7f0-27446317cfd8,551,304,313,526,-0.35458430059597174,1,2024,6,9,1,52,42,6,1,1
c0baaf18-c369-4a1b-979b-dcad3f1117f3,695,63,98,541,-0.11929222552776556,0,2024,7,2,5,7,59,1,1,1
da57e5bc-2cfa-48b7-b1c1-a9d6b24938fc,386,344,387,846,-0.279233873726607,0,2024,6,25,3,45,29,1,1,1
b3dbbf71-0f5e-42b3-befd-2fe543ca0315,186,279,168,274,-1.2646563177778904,1,2024,6,6,8,58,57,3,1,1
2d056272-0340-4bdf-8dc7-f23ce7869f23,130,820,542,503,0.44973041028170613,1,2024,6,14,17,30,6,4,1,1
5dd1e641-719e-4d7a-9aa8-ea92204e409a,340,924,949,939,-0.14347358103849683,0,2024,6,29,3,39,3,5,1,1
82ca8ae1-9589-4678-81e9-9d493f75c9ba,250,80,525,972,0.5611352556267544,0,2024,6,27,8,28,13,3,1,1
acefbff2-0f07-4807-afe1-2dbc82b7fd65,809,391,316,99,1.6038687308812973,0,2024,7,3,13,5,5,2,1,1
d810f2d7-6dcf-45c6-9d98-dc40aa29a151,31,21,234,308,-0.22693668729447106,0,2024,6,23,16,28,49,6,1,1
7325b685-7831-421f-95fc-a84be2974ba9,484,869,490,152,0.5013625659143389,1,2024,6,14,15,54,0,4,1,1
3b5d95f3-8751-4aaa-bd75-90ad2fc9e627,17,67,905,509,-1.1991943069849085,0,2024,6,6,14,0,46,3,1,1
2a982266-01f8-44bf-ada6-b4bdbfb1d29b,192,378,680,442,1.086366831931767,0,2024,6,12,5,51,52,2,1,1
d6ad87e1-5a6b-4c84-8895-3d10567f77ea,914,381,967,824,0.21645083679524268,1,2024,6,9,13,4,8,6,1,1
bf5519b6-f4d2-4b6b-9516-3d6f668b8234,893,233,601,953,0.6499046809321677,0,2024,7,3,9,31,17,2,1,1
6557e2f7-284c-4e45-acbe-bddd294dfde1,840,843,966,973,1.4395643413642492,1,2024,7,3,0,48,48,2,1,1
f0cf9b0e-6f15-4c8e-a05e-fbec38137074,308,856,385,458,-0.07627413375885465,1,2024,6,27,9,42,54,3,1,1
ac6e3b41-8ee7-4331-b3dc-54b72f908f56,115,44,318,194,0.5843208058565543,1,2024,6,15,22,27,27,5,1,1
4a38fd03-b228-429e-ab09-faeb57596b3e,747,966,560,997,-0.06265318879730235,0,2024,6,22,6,37,13,5,1,1
0bcf126a-fe9c-4da2-94a8-04e31b768465,567,643,508,141,-0.6711459248327856,0,2024,6,12,2,55,9,2,1,1
6a1a08ff-68ab-4b83-adda-450582e15c2a,854,724,80,908,-0.39730643624992035,1,2024,6,10,6,52,26,0,1,1
0ae5a07c-1123-4819-b207-f5078ba09236,904,25,423,838,0.0036932085039195627,1,2024,6,11,2,40,44,1,1,1
d7f03e5b-66b2-40dc-b22c-4f6101bbda55,293,980,588,715,1.0422519616191728,0,2024,6,25,9,34,24,1,1,1
1003b5c7-e5dd-4b7a-b34e-139b7f02fcad,116,889,558,124,0.36137184170059305,0,2024,6,18,5,9,41,1,1,1
0dba74f0-812d-4c8a-b724-b6515a47cffa,318,95,551,729,1.5529990974742727,1,2024,6,5,9,44,21,2,1,1
a638ad09-6bc0-48ef-acb8-ef247d59ebba,665,363,807,34,1.0013891267345159,0,2024,6,8,18,44,43,5,1,1
9ab9f5d3-ee5f-4eaa-95ba-99923ce00816,209,941,858,293,0.12958945797217353,1,2024,6,28,23,24,28,4,1,1
1ca5c334-3f4a-4ecf-baa4-e6e11367c47e,205,908,360,311,1.2364653279306317,1,2024,6,20,16,45,15,3,1,1
3d132084-0422-4792-9be0-3ca6b210b4bf,696,5,485,813,0.6942006067503858,0,2024,6,23,12,49,17,6,1,1
11e3a358-0f0d-4aac-b0b5-9d1d36566cbe,9,845,322,531,0.3738611897519963,1,2024,6,17,21,19,15,0,1,1
af6d6f17-9c85-49b6-9021-3e426f399beb,267,495,727,844,1.6157243846630163,0,2024,6,22,4,50,17,5,1,1
1711055a-f350-470a-b9e2-f455feb5c776,506,737,571,961,-0.659986638380389,0,2024,6,26,8,50,20,2,1,1
164bace1-94fe-45f3-8e8e-ca1a6db45c22,497,732,892,704,-1.315515505674975,1,2024,6,18,9,56,23,1,1,1
63ac394f-f5d4-4c22-b561-3aed0943e749,439,451,689,911,0.6606217741304442,1,2024,6,4,13,53,23,1,1,1
a3237d2c-5dce-4a93-9715-ce21c12e4c2c,723,170,640,71,0.901926981087352,1,2024,6,4,3,9,58,1,1,1
c62e062c-da3f-4476-aca0-190077a6c8f9,559,24,975,667,-0.01825280787968577,1,2024,7,3,12,34,32,2,1,1
47494fd5-78f9-41a8-9f09-f53b7b6f6a74,251,997,844,392,0.31207599845783796,0,2024,6,29,9,36,45,5,1,1
782e44b1-ef17-41cc-a477-456676764bb2,152,675,674,366,1.7113739191821384,0,2024,6,14,4,11,8,4,1,1
9cd79e65-5f79-42b1-80e4-5df77d004b2a,454,581,319,164,0.9018434170078333,0,2024,6,23,11,52,53,6,1,1
3b4e1130-a2cc-4956-87ec-798d17dbc88f,519,915,974,897,-0.8978413452205027,1,2024,6,11,7,12,34,1,1,1
a2d30a28-aad3-47f8-8386-bb8e9a435874,802,131,70,33,1.4552778701504159,1,2024,6,22,22,35,29,5,1,1
4f429ecb-1f93-473a-830c-08041357125b,907,488,462,358,1.3924620552088602,0,2024,6,17,14,27,46,0,1,1
9df9f238-085f-4fde-ae6f-b0363393d486,270,551,464,199,-1.0348620627746872,1,2024,6,5,1,16,58,2,1,1
0d9bdf22-d32c-415d-8787-e70ef16d4117,536,556,798,65,0.09736854164441142,1,2024,6,6,2,53,20,3,1,1
33662e6c-5c74-4aa8-9cd2-4252593bb798,677,418,12,772,0.7492588896432865,0,2024,6,4,21,18,44,1,1,1
23cd8017-86a6-450c-9abf-8c518fb2a378,516,898,270,463,-0.008987640563047137,1,2024,6,8,12,2,21,5,1,1
176e5caa-719a-4bcc-87e0-c9090e0b0f49,32,141,532,470,1.6151324724330924,0,2024,6,21,13,47,26,4,1,1
9e1c6485-052d-4c88-a922-b85256849490,507,392,203,476,0.35922354848963245,0,2024,6,22,5,59,43,5,1,1
0249409f-a864-4128-954d-1927ebffdde6,608,892,814,285,-0.6726326690808895,0,2024,6,27,16,23,14,3,1,1
5f03a658-00a1-4b29-829c-946441a583c3,159,239,156,327,-0.6612818816129292,1,2024,7,2,4,42,24,1,1,1
878cbdaf-cf0f-4e38-b9c9-77db506005ad,407,421,264,960,-0.9666668102141135,0,2024,6,30,0,21,16,6,1,1
5c543db5-c2fc-42c3-a506-81c5b87fb90f,190,550,395,933,1.1438832914971766,1,2024,6,21,22,47,47,4,1,1
82d3bdcb-cd6a-4b26-b497-06e9f3ecd469,418,441,969,552,-1.0400917814179007,1,2024,6,11,4,41,34,1,1,1
13193eb9-b074-4712-bb4d-000607ea3e53,112,508,772,587,0.46264106056734927,1,2024,6,24,7,3,26,0,1,1
50280703-e735-4dc9-9cd3-462b9e4abc82,249,294,556,941,-0.555131127767621,0,2024,6,19,3,43,19,2,1,1
d9b16708-7f59-4bff-ad14-f35a7f4b58d4,330,895,377,492,1.366010542204537,0,2024,7,3,4,5,41,2,1,1
e5378e2a-3a0f-4a5c-9c10-d877cebadb54,598,352,136,68,-1.1245855113212726,1,2024,6,14,7,25,54,4,1,1
74f86fe1-2d9d-4919-a1ad-5f0dae626828,91,753,802,309,-1.70963155937846,0,2024,6,23,3,6,55,6,1,1
46b84831-82c7-47f4-a4d2-71c8b01e9c27,918,607,573,962,-1.6058867546559614,1,2024,6,13,22,36,46,3,1,1
4ab76a32-7d41-4876-b8fd-0aab57481f62,821,553,642,54,1.249908699223207,0,2024,6,7,2,40,43,4,1,1
fe36acec-8974-4b33-b056-f8f7e90c61c5,335,237,198,310,1.1086366591235073,0,2024,6,7,14,22,37,4,1,1
fb129832-6942-4829-9395-4fbdcb345e08,490,68,3,706,-1.4328011731161538,0,2024,6,17,11,23,34,0,1,1
d48bc2fb-8d62-4345-a706-1cae8c2dfb5f,14,185,26,359,-0.4860445250255142,0,2024,6,17,13,30,42,0,1,1
5567abab-26a3-4902-ac62-1cc28db6c516,680,156,753,228,0.9134065965112371,0,2024,6,8,8,1,51,5,1,1
b70c15d1-7b77-41b6-a81b-9a5092e74204,626,384,811,809,0.2732465561748034,1,2024,6,15,22,34,59,5,1,1
64016747-40af-4250-b3a1-abea4d67193e,15,834,469,320,0.9383086922078177,1,2024,6,5,1,4,48,2,1,1
75e0ed57-cf1a-4db6-9565-b2bd0565dc7d,57,443,868,948,-0.6640255688904608,0,2024,6,9,1,13,0,6,1,1
4f9bb7f1-28b3-4fab-a40b-7b2ab53b09a0,269,945,238,203,0.7856858646401577,1,2024,6,21,9,7,38,4,1,1
2dff7a50-332c-498e-bab6-8daf41410fc4,51,251,546,361,-0.8417454750069114,1,2024,6,7,5,5,14,4,1,1
f58a707f-2893-4f97-9eb0-e4577a547389,104,155,180,481,-0.7740237522302772,1,2024,6,16,12,15,5,6,1,1
bd8480ab-6843-4625-b894-6dce8e982bcb,528,34,380,735,1.0545881088581248,0,2024,6,7,6,32,12,4,1,1
46333ffe-e2e5-43fd-99d2-3d71bb5e6eb7,836,525,675,491,-0.43251825025712354,0,2024,6,21,15,46,11,4,1,1
df159b3c-575e-4468-b287-c03b19abdf44,842,847,53,462,0.9420168482364609,0,2024,6,21,15,15,5,4,1,1
8eff3b53-0d15-4812-a21d-5cf46383f7dc,206,296,825,155,0.16885761167268143,0,2024,6,6,3,39,13,3,1,1
9a03e6b8-295f-4fa9-a0f4-4fb33a369506,988,234,932,624,0.94645967179754,0,2024,6,18,23,23,4,1,1,1
115c59f7-5705-4e8f-88da-12ce3ca9075e,823,586,326,500,0.7416545584070823,1,2024,6,11,11,9,38,1,1,1
e09a75ca-6f9c-4e54-97f0-9a7fc031e9cd,461,90,750,128,1.1536185067611084,1,2024,6,6,8,7,27,3,1,1
5f382df8-cf4b-455f-bfa0-e59eec3152d8,513,96,28,549,-1.528715327220418,1,2024,7,2,9,12,34,1,1,1
ecf77986-3d33-454f-a632-14ae5e42506c,946,602,646,556,1.7102666951285153,1,2024,6,21,16,35,13,4,1,1
9981b916-e591-4b89-b872-9414132d403e,82,526,704,93,-0.8511290247695349,1,2024,6,8,17,17,9,5,1,1
90dae73e-2190-4439-a6a6-20fc5ef75349,188,798,653,117,-1.0419301911673127,0,2024,7,2,7,11,11,1,1,1
65b0ecb4-3ae5-4c67-b1fb-38726184a213,346,361,217,49,0.9174594543678954,1,2024,6,14,4,25,47,4,1,1
8a5bb529-7246-44cb-8554-83e0b32535c7,155,529,263,189,-1.40308021550066,1,2024,7,2,8,16,14,1,1,1
959ef0a3-edea-4342-ab09-124953973545,890,123,850,95,1.4184191474093648,1,2024,6,20,10,44,49,3,1,1
4c3ba1d5-5ee7-4774-be6b-b9dbb3708a26,786,260,9,239,1.0154035192371356,1,2024,6,4,1,10,19,1,1,1
2fd72ca0-22f6-4061-b3e9-095561ea2110,244,112,506,10,-1.1957368431948212,1,2024,6,8,5,12,1,5,1,1
16ec13c5-63a8-4576-b364-e6d69cc1c5dd,701,540,4,147,-1.275356001792934,1,2024,6,29,13,19,56,5,1,1
69c4b079-4979-4ecf-b87b-be860e839a29,958,210,133,299,-0.04707545164035325,1,2024,6,11,11,8,10,1,1,1
949f0687-0041-4258-9c28-0265615ce04a,546,877,518,369,0.20519754075338736,0,2024,6,27,8,50,18,3,1,1
4d40aae6-8fe3-4d3e-8d2c-8d6777e2c84c,900,246,655,949,-1.3936444381883373,0,2024,7,2,8,6,3,1,1,1
c7653f42-6df8-410b-af00-1c6b95e879c6,645,35,726,642,-1.29027915366032,0,2024,6,25,2,20,58,1,1,1
7ec7d30f-c8a8-48a3-894e-c28110b6afbe,277,959,140,490,-1.360577435555448,0,2024,6,29,18,12,19,5,1,1
c42d0335-adea-42ef-bad0-31162137b29b,422,728,845,990,0.5865561449836802,1,2024,6,29,14,20,1,5,1,1
f5857ec3-eafe-40aa-8b0f-db3d84786ae4,936,395,337,632,0.7130965342315575,1,2024,7,3,14,51,34,2,1,1
6990b0e7-b36c-4359-9db6-56fa96758e2a,952,318,910,316,0.12176228919058601,1,2024,6,25,21,19,20,1,1,1
13033995-ed64-445c-a67f-b959348ff521,655,744,987,653,-1.3087294060507253,0,2024,6,4,1,19,25,1,1,1
265681c2-d346-48cb-9c26-66f804905cdb,81,582,213,874,1.3472121061494704,0,2024,6,22,21,19,34,5,1,1
9bf81fb2-5c0c-4d81-97fe-fc95f8bdea4f,4,78,493,727,1.449971551100977,0,2024,6,8,12,5,10,5,1,1
32664cbb-fdfe-4bdc-b038-c6b447eabaee,607,681,449,129,0.7814937333176349,0,2024,6,15,11,44,32,5,1,1
bb3cfb82-5c3f-4e5e-8d0a-f767731c1224,83,718,189,740,-0.3884312346377024,1,2024,6,27,5,36,21,3,1,1
3105f586-fa58-48d6-b86b-654aa17b3338,458,588,940,289,-1.5773600670102566,1,2024,6,6,4,3,38,3,1,1
816b3e96-551b-4528-b467-8e525adc9d4c,66,323,914,487,0.7534649483123956,0,2024,6,19,18,41,40,2,1,1
cae64654-236e-4020-a916-683e6e328042,106,2,715,305,0.8405874648839605,0,2024,6,21,4,48,20,4,1,1
70dee24d-61e0-4588-9b73-d36051b95279,573,762,126,585,1.0720704106607717,0,2024,6,21,16,5,52,4,1,1
5b6396fa-4d74-4f38-b432-aea12d4ade8f,49,972,990,499,0.3036603992829729,1,2024,6,4,19,18,20,1,1,1
eb236950-1f34-4fe2-9f68-36f1fee2a41b,355,767,110,854,-0.8125781294182293,0,2024,6,22,10,13,40,5,1,1
962a90fd-0efd-4c12-814f-a3eea0d7b7b1,482,129,822,306,-1.0846836633510808,0,2024,6,18,12,56,26,1,1,1
df7566b1-fdba-4ea0-a8ed-e37fa3da274f,464,343,196,703,-0.008423583026295775,1,2024,6,9,7,1,27,6,1,1
40f80a42-7217-45cd-8a80-ea1e956976e1,7,854,197,746,0.5442901299304378,1,2024,6,24,21,39,40,0,1,1
ccc5a889-d6cd-463e-80f8-1de22a5c4769,382,396,887,231,-0.4358399224179929,0,2024,7,2,16,23,8,1,1,1
de1e8884-91c2-43d7-a0e6-3805ac7ff914,784,498,682,451,1.079490204554705,1,2024,6,16,1,3,43,6,1,1
ba94ebec-2df9-4d12-91c6-6bcd68abde5c,166,434,983,386,-0.9339514730825322,0,2024,6,12,2,15,2,2,1,1
2695d29b-178b-405b-88e9-b17aeef5c0ea,694,609,459,917,0.5940769121403654,0,2024,6,18,22,7,52,1,1,1
040da4a0-283a-4f4a-a86a-6b411d8fcb3c,357,132,548,478,-1.2479852839139047,1,2024,6,23,6,47,44,6,1,1
fde1ddde-5df3-452d-aca0-0c8518bafa22,43,612,259,605,-1.173042231932194,0,2024,6,4,20,20,5,1,1,1
855a208c-edad-419f-ba7c-5b826da5fbf0,706,163,366,926,1.5284556309522936,0,2024,6,25,21,50,6,1,1,1
68303e26-dec2-4460-be93-0f0b7ea419d8,275,26,866,445,0.2937093101469513,1,2024,6,15,11,17,10,5,1,1
bf509f38-08e6-406b-9cc5-7a43f88382ff,991,558,475,522,-1.5332138601678427,0,2024,7,2,4,41,11,1,1,1
2527f891-c0a5-4a2f-aa1d-005ce8191cf5,763,955,563,713,0.7055722852382257,0,2024,6,10,6,5,40,0,1,1
68d6652c-d68d-4f1d-8d67-37b08521a3bd,623,988,840,338,0.8530385127322507,0,2024,6,23,11,57,44,6,1,1
504448e4-fef4-4e28-a9f7-14f2e7557cb9,724,661,735,597,1.0648699724755748,0,2024,6,11,10,44,34,1,1,1
0340d416-9916-4f23-ba91-624fcdcaaba4,977,256,941,418,1.12553749420617,1,2024,6,20,1,11,3,3,1,1
f584d861-4829-4544-83bf-5f44f8f01b8f,774,599,474,144,-1.2507811987411352,0,2024,6,10,23,20,26,0,1,1
20595f34-c81b-4d69-8343-3c6415315c62,146,916,345,896,-0.19971917022789265,1,2024,6,9,0,44,1,6,1,1
62f9723f-2e8a-41ee-ba82-c01642d4ad01,2,757,851,839,-1.1557723221649905,1,2024,6,4,15,11,17,1,1,1
280f3035-fe84-4da6-93e5-33706a7ac4d3,708,520,673,536,0.9906859608828256,1,2024,6,14,4,10,26,4,1,1
db6068e8-2f67-444d-9211-39fe8d9e2b69,881,94,394,798,1.2591843120497852,1,2024,6,23,6,2,46,6,1,1
7789d2b4-b7c0-4078-bd8e-3c5fd02298b4,425,250,285,170,-0.24872253919233217,1,2024,6,24,21,54,47,0,1,1
d9a03be0-f404-42b1-ad7f-27d302852c66,175,686,261,56,0.37379155301906375,1,2024,6,17,23,58,41,0,1,1
aee082f6-0bb5-4e5c-8361-175c311c281b,940,284,312,112,1.2859491903523042,0,2024,6,14,1,30,38,4,1,1
fc73ba33-353b-4955-93c7-5beb5940ca43,185,986,466,264,0.10213517601362528,1,2024,6,15,14,19,36,5,1,1
848806cf-1c6f-4d37-888d-e55c9c259a26,189,541,574,811,0.1947624763234867,1,2024,6,26,6,31,13,2,1,1
9b3af23d-58d8-4539-a9e2-7d2b6bdd88d3,213,379,874,113,-1.0904008391248203,0,2024,6,7,7,44,43,4,1,1
7353ea7e-b85b-48c2-bbc6-4702199fa1b2,776,664,926,977,-0.1776791442548286,0,2024,6,29,2,9,4,5,1,1
5c51b2a0-b1a4-4a70-b150-189773a9b4f3,265,374,114,341,0.24725812744447953,0,2024,6,26,11,39,45,2,1,1
2b6c77b3-c74e-4f33-a31a-ac041c10cfab,291,639,184,8,0.5330577249084624,0,2024,7,2,2,52,50,1,1,1
9050048a-368c-4101-9532-6ecbe8850a90,796,870,105,62,0.293883401979282,1,2024,6,16,7,56,56,6,1,1
88fbbc7b-08e3-4eab-8e57-6d12ca39557d,413,823,354,822,-0.7842533882980278,1,2024,6,20,11,44,12,3,1,1
6fe591fb-591e-433c-b832-118e37dbbf80,487,819,667,598,-1.6467078075008592,0,2024,6,13,20,39,0,3,1,1
c391e152-da8d-4b1a-bd1a-e988e25e3007,345,86,582,125,-1.6422023108801413,1,2024,6,24,23,19,0,0,1,1
558f3efd-ee16-446a-9266-92bfe334acfc,864,706,773,884,1.703017511230266,1,2024,6,30,5,19,51,6,1,1
0c16753a-c071-46f4-8194-f844e8ce5e6b,805,212,243,979,-1.2960032931073526,1,2024,6,27,6,2,6,3,1,1
f4ba4021-6839-4289-92b5-2cee00050c2a,182,696,233,608,-1.704537632364464,0,2024,6,25,23,6,12,1,1,1
6e1e4ae3-987b-4d8c-bbba-0e85558b9350,5,740,96,387,-1.1365769567322097,0,2024,6,9,6,43,14,6,1,1
8fc30706-047e-40e7-9caa-04d74c0a9cea,124,764,801,29,-0.916671117805389,1,2024,6,22,5,39,22,5,1,1
fd7932e5-1977-4364-adb5-f5942376a420,201,339,789,599,0.8176804615858897,1,2024,6,19,11,44,59,2,1,1
19f43187-8169-49d3-baed-d63a34dc985e,222,372,628,913,1.7121608142642732,1,2024,6,18,3,6,40,1,1,1
35ed1209-b029-414f-b6f1-2908d88c1983,211,789,141,602,0.9542833587424807,0,2024,7,3,1,52,19,2,1,1
fe19f6a4-1458-4149-adbd-930dcaa096b5,730,452,596,792,1.5423620865188685,1,2024,6,27,15,41,39,3,1,1
90ef2d79-cb79-4051-a808-7a97b026840b,191,930,66,679,-0.36607436152979655,1,2024,6,26,0,35,55,2,1,1
fbd0b4bc-0033-4b83-8c3b-671187eb821b,477,203,321,643,1.4290909767312354,0,2024,6,24,5,8,27,0,1,1
61690da1-b773-4f8a-88b7-871bda6b28ba,236,208,176,805,1.6890518644406984,1,2024,6,7,11,47,19,4,1,1
ef27f439-d8b9-4a14-9950-7fe6d7f90181,980,388,174,543,1.1226162332596608,0,2024,6,25,16,16,27,1,1,1
a76a882b-53bb-4e57-822d-d702f9cd7fa1,530,730,137,881,0.20211611532113455,0,2024,6,29,5,4,29,5,1,1
6e45bf4f-7c38-4657-bf09-b7fea403d756,539,387,496,74,-1.5275280209239228,1,2024,6,5,20,45,36,2,1,1
4facc110-3b0b-4801-951b-f12f743a420d,973,273,305,601,0.15537594017699385,1,2024,6,15,16,20,56,5,1,1
467e3b2c-d140-4d44-b467-2b15555085ac,148,747,24,89,-0.5814085489396136,0,2024,6,27,4,37,16,3,1,1
ceaea308-0a35-4db6-8cc8-7d4a844371d9,369,864,706,674,-0.05787959075479511,0,2024,6,17,0,15,26,0,1,1
d86e3040-a1cb-4adf-9114-1a19566ba70a,359,255,384,947,0.12139669634269185,1,2024,6,17,13,21,57,0,1,1
045a3715-4fd8-426d-9a86-d2d6298d2702,473,342,610,890,1.6434119496768878,1,2024,7,2,12,35,51,1,1,1
fa77d8ea-45fa-476b-8c2b-5f1b35cda697,985,642,251,181,-0.6220276552590076,1,2024,6,15,13,48,15,5,1,1
f9f3326c-a2e1-4aae-b1ad-408f5f7c99ad,668,884,218,76,1.3992655640163436,1,2024,6,20,15,6,38,3,1,1
0ffb6ca9-2b54-474e-b43e-269b8a61a054,65,477,915,841,0.27026958584194877,1,2024,6,8,13,30,35,5,1,1
99c6b7b2-8b8f-412d-8083-265b6dfbe1bb,975,509,424,477,-1.4909373996046607,1,2024,6,10,13,43,19,0,1,1
edf10887-71ef-4f81-9fe7-490be1590e90,732,485,430,344,-1.2044901805244077,1,2024,6,27,17,43,36,3,1,1
d68a9332-0202-4526-b2a9-c4685485a3a1,470,204,397,441,-0.6824479665876932,0,2024,6,8,3,28,49,5,1,1
11f518f8-1a7d-4441-b218-2aa1cac3ff45,24,641,511,544,-0.4865876915423859,1,2024,6,23,22,50,0,6,1,1
866e4911-15e4-4ef5-a37f-a36e41f56dd5,313,38,665,440,-0.5295361465783645,0,2024,6,24,21,6,26,0,1,1
502fbce9-5c64-4e1e-a94b-a7114e56d8cf,221,982,405,17,0.19756535482401036,1,2024,6,4,15,1,29,1,1,1
a223c052-bb4f-4a29-9835-426dcb8bdf2a,463,57,183,648,0.05115760567055584,0,2024,6,24,20,2,51,0,1,1
c0192215-0d83-45f7-9626-fb8ea8987d93,820,480,378,294,1.675462256008966,1,2024,6,15,20,3,45,5,1,1
1551aa37-b1f0-4add-a9aa-6492f0a5cad6,928,592,443,855,1.600393857907977,0,2024,6,25,7,15,23,1,1,1
dcb12655-e501-4170-9c91-595197910622,79,450,555,70,1.6461243004246,0,2024,6,21,18,42,49,4,1,1
2fbc3da4-111d-4b05-9c69-b5d0a65cc34d,290,811,267,59,-1.6767456122511946,0,2024,6,6,16,41,54,3,1,1
64738f72-ac77-499e-9270-bb504dd5b8c8,50,942,636,655,1.143145142128095,1,2024,6,25,15,27,11,1,1,1
2e004f2b-1cb2-43aa-8c87-ccc2d6450fc5,46,715,790,52,1.3840116376675289,1,2024,6,27,6,38,13,3,1,1
93ddbfb7-d105-4693-be78-645cc5514861,233,909,146,555,0.8948832255512529,0,2024,6,25,9,53,16,1,1,1
26bbbc33-aa7b-443d-b834-15b037b01317,89,148,300,237,-0.1707746621845939,0,2024,6,30,17,42,17,6,1,1
2efc9344-1a58-4846-813f-0c2e257d1eda,466,773,353,821,-1.6793987717759142,1,2024,6,14,6,39,9,4,1,1
b57bdb35-17b4-4dc3-9848-0bad76df8703,707,292,289,357,0.7753378461264221,0,2024,7,1,0,40,4,0,1,1
95801d0b-139d-4903-aeea-9e69bf7879e0,660,926,242,924,-1.2035605301397618,0,2024,6,23,23,20,22,6,1,1
8d2ac587-6123-45b5-8af5-29255371aeb7,995,403,434,495,-0.5801202693803666,1,2024,6,8,14,53,10,5,1,1
c960b2c1-d1f8-49d3-837b-e80fe7c4cbf8,87,83,852,942,1.4987660098666193,0,2024,6,26,8,6,6,2,1,1
72aacbc2-892f-4d0c-a3a0-b4d85360dda4,962,135,871,753,0.22870690179132244,0,2024,6,17,0,46,16,0,1,1
5d64cb93-aa14-4582-8bb2-1226608f53fd,932,574,699,209,-0.6099387184219653,0,2024,6,9,14,36,6,6,1,1
c9dd2248-6fde-43da-94c5-0538b606618b,976,646,621,909,0.31630294814682697,1,2024,6,4,20,11,20,1,1,1
c31bd329-0e0f-49b9-a4cc-a84ecfda275c,839,369,896,314,0.7803899911006584,0,2024,6,15,20,23,48,5,1,1
7a1750c9-db28-480f-a93d-dc58cb7f20e6,632,293,933,618,-1.385872978793096,0,2024,7,2,20,11,28,1,1,1
6ede0b73-023f-4396-9292-fe091611562a,950,714,179,35,-0.6464771121915283,1,2024,6,14,6,0,47,4,1,1
1528d047-90e2-48df-9a49-73a633ccf0d9,478,995,236,333,-1.3587076892762167,1,2024,6,7,0,9,55,4,1,1
6ab07d39-f5a6-4e56-994d-37ac974210a6,268,366,806,517,1.7000266135508246,1,2024,6,25,22,4,30,1,1,1
bf0b14d3-6726-434e-9c1f-c7f09cb11ce4,744,745,855,789,-1.4227908927571398,0,2024,6,25,14,22,58,1,1,1
39962b1d-6829-45b9-9b9b-298d2d61b85a,700,610,100,353,1.3613170264049022,1,2024,6,23,20,53,19,6,1,1
4eecc28a-294e-48a6-a6f4-ada43afe1c84,757,65,765,23,-0.38265834947761695,0,2024,7,2,18,21,5,1,1,1
57007c3e-3f3b-43c0-a67c-4a9afe05a394,586,469,600,206,0.7894079480153875,1,2024,7,1,13,11,33,0,1,1
c724e17d-101a-4411-845e-6d7cca262f02,509,903,645,137,0.41049359311101746,0,2024,6,9,15,1,14,6,1,1
c63b93d6-6b45-4277-a786-d47449634207,1,9,230,906,-0.034878577867265635,1,2024,6,22,12,54,12,5,1,1
640f14bd-bdc8-4c16-b854-f52a861c7422,61,719,705,936,0.5940525392838392,0,2024,6,15,15,49,8,5,1,1
4aaae63e-077b-4d36-8bb7-a948233717aa,325,989,192,298,-0.15191703490653477,1,2024,6,5,10,32,37,2,1,1
f88f9957-1436-4efc-90aa-ff46ddf5bd0a,558,370,425,328,1.3104334656512908,0,2024,7,1,14,8,35,0,1,1
9858a63b-924d-495a-b756-d751e1d7540d,676,307,872,450,1.6148504436647169,0,2024,6,10,20,37,17,0,1,1
4471b045-300e-4177-b6c5-27f2dd0e29f0,48,373,515,172,-0.011888010489676228,1,2024,7,2,2,15,58,1,1,1
cd129661-cbfb-4ca8-9e27-24cf86c11692,78,151,29,920,1.1215821277756168,1,2024,6,27,10,20,46,3,1,1
ac230fd2-5b8c-4255-af9f-fc7a9999c636,455,815,517,427,1.2779096295352734,0,2024,6,19,13,11,10,2,1,1
f1fd8322-f56c-4e8c-aef1-8d4f3e543166,906,16,505,257,-1.3122565065737448,1,2024,6,14,21,6,33,4,1,1
b01ff1f2-f344-4f44-946e-9c564fea571b,654,567,370,554,0.9666578061845454,1,2024,6,14,11,25,42,4,1,1
2992112f-8f4f-4e8b-9f5f-f1b8d59f7cfc,797,229,526,118,-0.6898468694617471,1,2024,7,3,9,20,43,2,1,1
d03ee7f2-80ea-4ce3-8523-6d1454e9e1b6,563,769,227,765,-0.2585343548624893,1,2024,6,21,10,22,4,4,1,1
db0b0eae-1a36-4b86-81b5-561fc7314ff7,252,624,677,802,0.2171472041245654,1,2024,6,16,2,27,59,6,1,1
ac496845-a81e-47a2-bb63-9625fd58383f,215,180,293,195,-0.4145067092841915,1,2024,6,19,10,37,33,2,1,1
96b69160-dab0-46fb-a0a1-d24e3e9ae950,285,322,279,321,1.4269183106637486,1,2024,6,16,0,48,36,6,1,1
840c71fa-0a83-4229-9178-5e6850cf15e2,336,75,276,516,-0.7593791472946203,1,2024,7,3,20,52,51,2,1,1
d3440145-de6d-4288-a830-fc66bf99b5c5,517,13,733,459,-1.6029063024864605,0,2024,6,27,12,39,36,3,1,1
0ec02ace-dcc0-4e2a-bb2e-8c7b53cf2f09,118,10,111,7,0.9725490737906153,0,2024,6,4,0,15,27,1,1,1
a2601812-7fd0-4d23-86b5-177775640597,150,545,669,937,-0.6218048177136244,1,2024,6,12,21,19,23,2,1,1
1202cc01-70ec-4374-b9b3-a9169ac88a9b,714,15,585,859,-1.109498713131496,0,2024,6,9,21,1,46,6,1,1
5a0659a3-d6a8-4e94-bdd2-5c05d2047de7,225,353,953,969,-0.41431869010527433,1,2024,6,7,12,58,2,4,1,1
c1ae37cf-e5f3-4420-8715-95c0a24760d2,575,71,686,27,-1.444287752213332,0,2024,6,5,11,8,27,2,1,1
543f5972-bd40-47ee-81d6-e2357b1a901f,702,62,90,263,1.6106792033620734,0,2024,7,3,22,14,0,2,1,1
47b55dc1-5bc7-4c54-9f18-fed6f297a2d1,504,157,985,575,0.36009400765128585,1,2024,6,15,21,16,10,5,1,1
92114be7-ddbf-4658-9cb7-dd41a83cfa17,983,825,408,115,-1.4413073000438308,1,2024,7,2,13,56,24,1,1,1
d143a88f-76ba-4143-a9fb-8e1cae6f1904,371,463,856,680,0.3942125249514526,1,2024,6,29,19,45,12,5,1,1
8cf85d3e-248b-4330-96a3-6e8380a4ed1d,670,437,904,104,1.6888255450586687,0,2024,6,9,18,41,13,6,1,1
988988a9-3f9c-40f7-9987-5e385ba5ea0c,560,166,359,736,1.4132625473357296,1,2024,6,24,14,6,32,0,1,1
4e86bdbc-c574-416c-8f13-a70f78020e94,935,792,446,708,0.40224512209519003,1,2024,6,26,20,23,19,2,1,1
ad59beec-1da7-4f9b-9232-be6e23de3e3a,832,637,274,955,0.47085819505335746,0,2024,6,5,10,49,39,2,1,1
14f7e092-e2c8-42d7-bbd4-55126b814f3c,154,699,592,498,-0.7464510878257442,0,2024,6,19,16,46,38,2,1,1
5c96eb9f-b8e4-4e30-9504-1d28c94e0ae4,401,721,991,571,-1.548070857138943,0,2024,6,18,20,58,15,1,1,1
4d8053b7-0375-4639-bcde-994b11f73a12,384,108,22,130,-1.687528860345757,0,2024,7,2,6,23,9,1,1,1
edebd803-cdaa-4d5c-8d6a-34bc7cf0f786,826,923,30,682,-1.2803280645242983,1,2024,6,27,15,35,36,3,1,1
60c49269-4362-48eb-9c9f-5d641dc6e3b2,319,215,223,985,-0.7521717454361303,0,2024,6,14,16,51,41,4,1,1
cee3b580-ba87-47de-a05e-1045a9033a20,257,596,284,234,0.6322134689307243,0,2024,6,9,4,30,38,6,1,1
4965bf95-62d6-418b-873f-655b54751b32,356,784,681,861,-1.3251706386960347,0,2024,6,15,1,23,3,5,1,1
83237057-321f-4862-a544-33125b8d20bb,298,316,779,198,-0.7148569020943725,0,2024,6,13,13,0,53,3,1,1
d215f8c4-9c33-4bd6-bca8-57605b9fb96c,141,965,478,595,-0.7902212563103236,1,2024,6,20,5,15,31,3,1,1
d0eb4cf9-63f7-4f80-8077-fd3367ba1a91,691,479,169,835,-0.9749500995964072,1,2024,6,14,23,31,33,4,1,1
2fb76f62-fdc1-4f95-aabf-d4e78ac7a36e,161,570,578,261,-0.28546287948739885,0,2024,6,13,17,9,1,3,1,1
71f6cd67-b8ad-49af-9ac2-0a84a49eff94,301,227,930,660,1.3133582084344462,1,2024,6,13,17,18,5,3,1,1
3f407c4b-3d3f-4d82-9164-7e0af1badb08,938,214,138,78,-0.3312838497568336,1,2024,6,11,10,58,21,1,1,1
a6326810-91c1-4414-b775-a0d42f2b0b9f,915,824,254,243,0.723925046202526,1,2024,6,18,23,26,7,1,1,1
eef3c0ed-17b5-490f-b1ed-ed5f057330ef,194,224,980,269,-1.404974334636418,0,2024,7,1,3,28,1,0,1,1
259b7b54-82b2-4f28-9004-98b57eaed8d4,704,818,484,384,1.496990273176847,1,2024,6,19,7,48,35,2,1,1
e949e3e7-b709-4f67-8311-6cf3320b0d5d,363,621,934,171,-0.7963841071748295,0,2024,6,22,22,47,19,5,1,1
d8243567-2ea6-4c51-9b5c-c297efba2fa2,582,689,837,174,0.5120413589095029,1,2024,6,25,11,37,28,1,1,1
0a4bd9dc-c81b-42c9-9910-fd717178daf6,406,303,182,153,-1.1623947754668496,0,2024,6,18,20,11,7,1,1,1
f9fa171e-75c1-404a-9b16-7f32d44a1951,745,929,323,16,1.7117012118269201,1,2024,6,11,7,52,32,1,1,1
6932302e-7c85-49e0-9887-ebd2146b4f17,615,656,703,473,-1.506180880443535,0,2024,6,9,16,19,55,6,1,1
09217122-a9c4-49c2-8831-a38ec47c69b3,207,860,229,589,-1.4159595292564837,1,2024,6,20,17,0,47,3,1,1
021031f7-942d-4f28-a020-d682f954b214,171,192,853,550,0.38972443751396757,0,2024,6,22,10,56,59,5,1,1
bf6b161f-7434-4012-80e1-2638fc43f2f1,636,315,214,646,-1.5858383392447606,0,2024,6,29,22,38,47,5,1,1
261299ba-eeeb-41bd-a662-44bdbdf58faf,919,130,637,259,1.239961091923832,1,2024,6,21,22,48,0,4,1,1
ab08826b-6ccd-4f49-bc6f-c7599e374167,395,862,350,19,-0.41960063629818717,0,2024,6,12,19,30,23,2,1,1
797e5742-680f-40c9-91d9-94e657394651,37,59,435,901,-0.20723993738457813,1,2024,6,27,17,47,59,3,1,1
051ab93f-cc50-48e4-9a40-d9221a1559ec,858,202,549,532,0.3211044008825071,1,2024,7,3,11,48,34,2,1,1
274b330b-2134-4a50-9dbd-0ec9b10505ea,971,729,777,609,-1.3940657404225776,1,2024,7,1,20,50,39,0,1,1
2f5bb403-603f-48f0-a289-d97949768e8b,499,467,288,250,-0.5378542543271242,1,2024,7,1,7,59,56,0,1,1
a205ecda-b44f-4179-8ff5-da4ead42091e,736,983,420,236,1.4855385124461344,1,2024,6,24,19,1,58,0,1,1
7b75d598-1cb7-4e2a-9f9a-6050959978ea,60,182,973,283,1.1116171112930087,0,2024,6,9,14,56,46,6,1,1
92f18e88-8561-4e62-865f-1b26643a20cf,793,604,215,963,-0.1828531535116966,0,2024,6,14,15,16,23,4,1,1
b98ade62-8c56-4ec1-b265-d69abd3a74c9,30,302,978,241,0.301390241789381,1,2024,6,29,14,20,15,5,1,1
843d87b5-902e-4336-9438-aa76d74e13e4,80,712,207,794,1.4871366754669302,1,2024,7,3,23,15,6,2,1,1
2dbbb577-4617-44b1-9a51-5fdf18ebb2ab,568,127,287,280,-0.9473043166222953,0,2024,6,15,15,42,57,5,1,1
7c38e684-5968-432e-8acb-5bbe0f718fad,158,702,547,523,-0.04914018077179489,0,2024,6,18,17,27,37,1,1,1
27624b55-fd6d-45ce-bbc5-0c2958d48865,459,492,741,946,1.5586988640647794,0,2024,6,5,21,57,36,2,1,1
b792bf64-2047-4435-aac1-27ee95b134d6,238,33,200,175,-1.2438593074876676,1,2024,6,21,15,52,40,4,1,1
